Game,Difficulty,Trial,Algorithm,seed,grid_json,run_type,run_idx,solved,timed_out,time_s,steps,path_length,peak_memory_mb
Sudoku,Easy (30),0,DFS,1000,"[[0, 2, 4, 6, 8, 3, 9, 1, 5], [0, 0, 9, 0, 5, 0, 0, 2, 8], [0, 8, 6, 9, 2, 1, 3, 7, 0], [1, 7, 2, 3, 4, 6, 8, 5, 9], [4, 0, 0, 2, 9, 0, 0, 0, 0], [9, 0, 8, 1, 0, 0, 0, 0, 3], [0, 5, 0, 7, 3, 0, 4, 0, 0], [0, 4, 3, 0, 6, 2, 1, 0, 7], [0, 9, 7, 8, 0, 0, 5, 3, 6]]",warmup,0,True,False,0.014416,35,30,0.0419
Sudoku,Easy (30),0,DFS,1000,"[[0, 2, 4, 6, 8, 3, 9, 1, 5], [0, 0, 9, 0, 5, 0, 0, 2, 8], [0, 8, 6, 9, 2, 1, 3, 7, 0], [1, 7, 2, 3, 4, 6, 8, 5, 9], [4, 0, 0, 2, 9, 0, 0, 0, 0], [9, 0, 8, 1, 0, 0, 0, 0, 3], [0, 5, 0, 7, 3, 0, 4, 0, 0], [0, 4, 3, 0, 6, 2, 1, 0, 7], [0, 9, 7, 8, 0, 0, 5, 3, 6]]",warmup,1,True,False,0.011766,35,30,0.0367
Sudoku,Easy (30),0,DFS,1000,"[[0, 2, 4, 6, 8, 3, 9, 1, 5], [0, 0, 9, 0, 5, 0, 0, 2, 8], [0, 8, 6, 9, 2, 1, 3, 7, 0], [1, 7, 2, 3, 4, 6, 8, 5, 9], [4, 0, 0, 2, 9, 0, 0, 0, 0], [9, 0, 8, 1, 0, 0, 0, 0, 3], [0, 5, 0, 7, 3, 0, 4, 0, 0], [0, 4, 3, 0, 6, 2, 1, 0, 7], [0, 9, 7, 8, 0, 0, 5, 3, 6]]",benchmark,0,True,False,0.012766,35,30,0.0367
Sudoku,Easy (30),0,DFS,1000,"[[0, 2, 4, 6, 8, 3, 9, 1, 5], [0, 0, 9, 0, 5, 0, 0, 2, 8], [0, 8, 6, 9, 2, 1, 3, 7, 0], [1, 7, 2, 3, 4, 6, 8, 5, 9], [4, 0, 0, 2, 9, 0, 0, 0, 0], [9, 0, 8, 1, 0, 0, 0, 0, 3], [0, 5, 0, 7, 3, 0, 4, 0, 0], [0, 4, 3, 0, 6, 2, 1, 0, 7], [0, 9, 7, 8, 0, 0, 5, 3, 6]]",benchmark,1,True,False,0.01208,35,30,0.0367
Sudoku,Easy (30),0,DFS,1000,"[[0, 2, 4, 6, 8, 3, 9, 1, 5], [0, 0, 9, 0, 5, 0, 0, 2, 8], [0, 8, 6, 9, 2, 1, 3, 7, 0], [1, 7, 2, 3, 4, 6, 8, 5, 9], [4, 0, 0, 2, 9, 0, 0, 0, 0], [9, 0, 8, 1, 0, 0, 0, 0, 3], [0, 5, 0, 7, 3, 0, 4, 0, 0], [0, 4, 3, 0, 6, 2, 1, 0, 7], [0, 9, 7, 8, 0, 0, 5, 3, 6]]",benchmark,2,True,False,0.012612,35,30,0.0367
Sudoku,Easy (30),0,DFS,1000,"[[0, 2, 4, 6, 8, 3, 9, 1, 5], [0, 0, 9, 0, 5, 0, 0, 2, 8], [0, 8, 6, 9, 2, 1, 3, 7, 0], [1, 7, 2, 3, 4, 6, 8, 5, 9], [4, 0, 0, 2, 9, 0, 0, 0, 0], [9, 0, 8, 1, 0, 0, 0, 0, 3], [0, 5, 0, 7, 3, 0, 4, 0, 0], [0, 4, 3, 0, 6, 2, 1, 0, 7], [0, 9, 7, 8, 0, 0, 5, 3, 6]]",benchmark,3,True,False,0.014382,35,30,0.0367
Sudoku,Easy (30),0,DFS,1000,"[[0, 2, 4, 6, 8, 3, 9, 1, 5], [0, 0, 9, 0, 5, 0, 0, 2, 8], [0, 8, 6, 9, 2, 1, 3, 7, 0], [1, 7, 2, 3, 4, 6, 8, 5, 9], [4, 0, 0, 2, 9, 0, 0, 0, 0], [9, 0, 8, 1, 0, 0, 0, 0, 3], [0, 5, 0, 7, 3, 0, 4, 0, 0], [0, 4, 3, 0, 6, 2, 1, 0, 7], [0, 9, 7, 8, 0, 0, 5, 3, 6]]",benchmark,4,True,False,0.010141,35,30,0.0367
Sudoku,Easy (30),0,DFS,1000,"[[0, 2, 4, 6, 8, 3, 9, 1, 5], [0, 0, 9, 0, 5, 0, 0, 2, 8], [0, 8, 6, 9, 2, 1, 3, 7, 0], [1, 7, 2, 3, 4, 6, 8, 5, 9], [4, 0, 0, 2, 9, 0, 0, 0, 0], [9, 0, 8, 1, 0, 0, 0, 0, 3], [0, 5, 0, 7, 3, 0, 4, 0, 0], [0, 4, 3, 0, 6, 2, 1, 0, 7], [0, 9, 7, 8, 0, 0, 5, 3, 6]]",benchmark,5,True,False,0.011026,35,30,0.0367
Sudoku,Easy (30),0,DFS,1000,"[[0, 2, 4, 6, 8, 3, 9, 1, 5], [0, 0, 9, 0, 5, 0, 0, 2, 8], [0, 8, 6, 9, 2, 1, 3, 7, 0], [1, 7, 2, 3, 4, 6, 8, 5, 9], [4, 0, 0, 2, 9, 0, 0, 0, 0], [9, 0, 8, 1, 0, 0, 0, 0, 3], [0, 5, 0, 7, 3, 0, 4, 0, 0], [0, 4, 3, 0, 6, 2, 1, 0, 7], [0, 9, 7, 8, 0, 0, 5, 3, 6]]",benchmark,6,True,False,0.015278,35,30,0.0367
Sudoku,Easy (30),0,DFS,1000,"[[0, 2, 4, 6, 8, 3, 9, 1, 5], [0, 0, 9, 0, 5, 0, 0, 2, 8], [0, 8, 6, 9, 2, 1, 3, 7, 0], [1, 7, 2, 3, 4, 6, 8, 5, 9], [4, 0, 0, 2, 9, 0, 0, 0, 0], [9, 0, 8, 1, 0, 0, 0, 0, 3], [0, 5, 0, 7, 3, 0, 4, 0, 0], [0, 4, 3, 0, 6, 2, 1, 0, 7], [0, 9, 7, 8, 0, 0, 5, 3, 6]]",benchmark,7,True,False,0.013956,35,30,0.0367
Sudoku,Easy (30),0,DFS,1000,"[[0, 2, 4, 6, 8, 3, 9, 1, 5], [0, 0, 9, 0, 5, 0, 0, 2, 8], [0, 8, 6, 9, 2, 1, 3, 7, 0], [1, 7, 2, 3, 4, 6, 8, 5, 9], [4, 0, 0, 2, 9, 0, 0, 0, 0], [9, 0, 8, 1, 0, 0, 0, 0, 3], [0, 5, 0, 7, 3, 0, 4, 0, 0], [0, 4, 3, 0, 6, 2, 1, 0, 7], [0, 9, 7, 8, 0, 0, 5, 3, 6]]",benchmark,8,True,False,0.012347,35,30,0.0367
Sudoku,Easy (30),0,DFS,1000,"[[0, 2, 4, 6, 8, 3, 9, 1, 5], [0, 0, 9, 0, 5, 0, 0, 2, 8], [0, 8, 6, 9, 2, 1, 3, 7, 0], [1, 7, 2, 3, 4, 6, 8, 5, 9], [4, 0, 0, 2, 9, 0, 0, 0, 0], [9, 0, 8, 1, 0, 0, 0, 0, 3], [0, 5, 0, 7, 3, 0, 4, 0, 0], [0, 4, 3, 0, 6, 2, 1, 0, 7], [0, 9, 7, 8, 0, 0, 5, 3, 6]]",benchmark,9,True,False,0.00799,35,30,0.0367
Sudoku,Easy (30),0,A* (mrv),1000,"[[0, 2, 4, 6, 8, 3, 9, 1, 5], [0, 0, 9, 0, 5, 0, 0, 2, 8], [0, 8, 6, 9, 2, 1, 3, 7, 0], [1, 7, 2, 3, 4, 6, 8, 5, 9], [4, 0, 0, 2, 9, 0, 0, 0, 0], [9, 0, 8, 1, 0, 0, 0, 0, 3], [0, 5, 0, 7, 3, 0, 4, 0, 0], [0, 4, 3, 0, 6, 2, 1, 0, 7], [0, 9, 7, 8, 0, 0, 5, 3, 6]]",warmup,0,True,False,0.063433,31,30,0.0435
Sudoku,Easy (30),0,A* (mrv),1000,"[[0, 2, 4, 6, 8, 3, 9, 1, 5], [0, 0, 9, 0, 5, 0, 0, 2, 8], [0, 8, 6, 9, 2, 1, 3, 7, 0], [1, 7, 2, 3, 4, 6, 8, 5, 9], [4, 0, 0, 2, 9, 0, 0, 0, 0], [9, 0, 8, 1, 0, 0, 0, 0, 3], [0, 5, 0, 7, 3, 0, 4, 0, 0], [0, 4, 3, 0, 6, 2, 1, 0, 7], [0, 9, 7, 8, 0, 0, 5, 3, 6]]",warmup,1,True,False,0.050078,31,30,0.0385
Sudoku,Easy (30),0,A* (mrv),1000,"[[0, 2, 4, 6, 8, 3, 9, 1, 5], [0, 0, 9, 0, 5, 0, 0, 2, 8], [0, 8, 6, 9, 2, 1, 3, 7, 0], [1, 7, 2, 3, 4, 6, 8, 5, 9], [4, 0, 0, 2, 9, 0, 0, 0, 0], [9, 0, 8, 1, 0, 0, 0, 0, 3], [0, 5, 0, 7, 3, 0, 4, 0, 0], [0, 4, 3, 0, 6, 2, 1, 0, 7], [0, 9, 7, 8, 0, 0, 5, 3, 6]]",benchmark,0,True,False,0.067481,31,30,0.0385
Sudoku,Easy (30),0,A* (mrv),1000,"[[0, 2, 4, 6, 8, 3, 9, 1, 5], [0, 0, 9, 0, 5, 0, 0, 2, 8], [0, 8, 6, 9, 2, 1, 3, 7, 0], [1, 7, 2, 3, 4, 6, 8, 5, 9], [4, 0, 0, 2, 9, 0, 0, 0, 0], [9, 0, 8, 1, 0, 0, 0, 0, 3], [0, 5, 0, 7, 3, 0, 4, 0, 0], [0, 4, 3, 0, 6, 2, 1, 0, 7], [0, 9, 7, 8, 0, 0, 5, 3, 6]]",benchmark,1,True,False,0.056418,31,30,0.0385
Sudoku,Easy (30),0,A* (mrv),1000,"[[0, 2, 4, 6, 8, 3, 9, 1, 5], [0, 0, 9, 0, 5, 0, 0, 2, 8], [0, 8, 6, 9, 2, 1, 3, 7, 0], [1, 7, 2, 3, 4, 6, 8, 5, 9], [4, 0, 0, 2, 9, 0, 0, 0, 0], [9, 0, 8, 1, 0, 0, 0, 0, 3], [0, 5, 0, 7, 3, 0, 4, 0, 0], [0, 4, 3, 0, 6, 2, 1, 0, 7], [0, 9, 7, 8, 0, 0, 5, 3, 6]]",benchmark,2,True,False,0.042054,31,30,0.0385
Sudoku,Easy (30),0,A* (mrv),1000,"[[0, 2, 4, 6, 8, 3, 9, 1, 5], [0, 0, 9, 0, 5, 0, 0, 2, 8], [0, 8, 6, 9, 2, 1, 3, 7, 0], [1, 7, 2, 3, 4, 6, 8, 5, 9], [4, 0, 0, 2, 9, 0, 0, 0, 0], [9, 0, 8, 1, 0, 0, 0, 0, 3], [0, 5, 0, 7, 3, 0, 4, 0, 0], [0, 4, 3, 0, 6, 2, 1, 0, 7], [0, 9, 7, 8, 0, 0, 5, 3, 6]]",benchmark,3,True,False,0.04275,31,30,0.0385
Sudoku,Easy (30),0,A* (mrv),1000,"[[0, 2, 4, 6, 8, 3, 9, 1, 5], [0, 0, 9, 0, 5, 0, 0, 2, 8], [0, 8, 6, 9, 2, 1, 3, 7, 0], [1, 7, 2, 3, 4, 6, 8, 5, 9], [4, 0, 0, 2, 9, 0, 0, 0, 0], [9, 0, 8, 1, 0, 0, 0, 0, 3], [0, 5, 0, 7, 3, 0, 4, 0, 0], [0, 4, 3, 0, 6, 2, 1, 0, 7], [0, 9, 7, 8, 0, 0, 5, 3, 6]]",benchmark,4,True,False,0.048849,31,30,0.0385
Sudoku,Easy (30),0,A* (mrv),1000,"[[0, 2, 4, 6, 8, 3, 9, 1, 5], [0, 0, 9, 0, 5, 0, 0, 2, 8], [0, 8, 6, 9, 2, 1, 3, 7, 0], [1, 7, 2, 3, 4, 6, 8, 5, 9], [4, 0, 0, 2, 9, 0, 0, 0, 0], [9, 0, 8, 1, 0, 0, 0, 0, 3], [0, 5, 0, 7, 3, 0, 4, 0, 0], [0, 4, 3, 0, 6, 2, 1, 0, 7], [0, 9, 7, 8, 0, 0, 5, 3, 6]]",benchmark,5,True,False,0.062882,31,30,0.0385
Sudoku,Easy (30),0,A* (mrv),1000,"[[0, 2, 4, 6, 8, 3, 9, 1, 5], [0, 0, 9, 0, 5, 0, 0, 2, 8], [0, 8, 6, 9, 2, 1, 3, 7, 0], [1, 7, 2, 3, 4, 6, 8, 5, 9], [4, 0, 0, 2, 9, 0, 0, 0, 0], [9, 0, 8, 1, 0, 0, 0, 0, 3], [0, 5, 0, 7, 3, 0, 4, 0, 0], [0, 4, 3, 0, 6, 2, 1, 0, 7], [0, 9, 7, 8, 0, 0, 5, 3, 6]]",benchmark,6,True,False,0.047381,31,30,0.0385
Sudoku,Easy (30),0,A* (mrv),1000,"[[0, 2, 4, 6, 8, 3, 9, 1, 5], [0, 0, 9, 0, 5, 0, 0, 2, 8], [0, 8, 6, 9, 2, 1, 3, 7, 0], [1, 7, 2, 3, 4, 6, 8, 5, 9], [4, 0, 0, 2, 9, 0, 0, 0, 0], [9, 0, 8, 1, 0, 0, 0, 0, 3], [0, 5, 0, 7, 3, 0, 4, 0, 0], [0, 4, 3, 0, 6, 2, 1, 0, 7], [0, 9, 7, 8, 0, 0, 5, 3, 6]]",benchmark,7,True,False,0.061835,31,30,0.0385
Sudoku,Easy (30),0,A* (mrv),1000,"[[0, 2, 4, 6, 8, 3, 9, 1, 5], [0, 0, 9, 0, 5, 0, 0, 2, 8], [0, 8, 6, 9, 2, 1, 3, 7, 0], [1, 7, 2, 3, 4, 6, 8, 5, 9], [4, 0, 0, 2, 9, 0, 0, 0, 0], [9, 0, 8, 1, 0, 0, 0, 0, 3], [0, 5, 0, 7, 3, 0, 4, 0, 0], [0, 4, 3, 0, 6, 2, 1, 0, 7], [0, 9, 7, 8, 0, 0, 5, 3, 6]]",benchmark,8,True,False,0.052914,31,30,0.0385
Sudoku,Easy (30),0,A* (mrv),1000,"[[0, 2, 4, 6, 8, 3, 9, 1, 5], [0, 0, 9, 0, 5, 0, 0, 2, 8], [0, 8, 6, 9, 2, 1, 3, 7, 0], [1, 7, 2, 3, 4, 6, 8, 5, 9], [4, 0, 0, 2, 9, 0, 0, 0, 0], [9, 0, 8, 1, 0, 0, 0, 0, 3], [0, 5, 0, 7, 3, 0, 4, 0, 0], [0, 4, 3, 0, 6, 2, 1, 0, 7], [0, 9, 7, 8, 0, 0, 5, 3, 6]]",benchmark,9,True,False,0.051375,31,30,0.0385
Sudoku,Easy (30),0,A* (cells),1000,"[[0, 2, 4, 6, 8, 3, 9, 1, 5], [0, 0, 9, 0, 5, 0, 0, 2, 8], [0, 8, 6, 9, 2, 1, 3, 7, 0], [1, 7, 2, 3, 4, 6, 8, 5, 9], [4, 0, 0, 2, 9, 0, 0, 0, 0], [9, 0, 8, 1, 0, 0, 0, 0, 3], [0, 5, 0, 7, 3, 0, 4, 0, 0], [0, 4, 3, 0, 6, 2, 1, 0, 7], [0, 9, 7, 8, 0, 0, 5, 3, 6]]",warmup,0,True,False,0.039716,35,30,0.0464
Sudoku,Easy (30),0,A* (cells),1000,"[[0, 2, 4, 6, 8, 3, 9, 1, 5], [0, 0, 9, 0, 5, 0, 0, 2, 8], [0, 8, 6, 9, 2, 1, 3, 7, 0], [1, 7, 2, 3, 4, 6, 8, 5, 9], [4, 0, 0, 2, 9, 0, 0, 0, 0], [9, 0, 8, 1, 0, 0, 0, 0, 3], [0, 5, 0, 7, 3, 0, 4, 0, 0], [0, 4, 3, 0, 6, 2, 1, 0, 7], [0, 9, 7, 8, 0, 0, 5, 3, 6]]",warmup,1,True,False,0.056691,35,30,0.041
Sudoku,Easy (30),0,A* (cells),1000,"[[0, 2, 4, 6, 8, 3, 9, 1, 5], [0, 0, 9, 0, 5, 0, 0, 2, 8], [0, 8, 6, 9, 2, 1, 3, 7, 0], [1, 7, 2, 3, 4, 6, 8, 5, 9], [4, 0, 0, 2, 9, 0, 0, 0, 0], [9, 0, 8, 1, 0, 0, 0, 0, 3], [0, 5, 0, 7, 3, 0, 4, 0, 0], [0, 4, 3, 0, 6, 2, 1, 0, 7], [0, 9, 7, 8, 0, 0, 5, 3, 6]]",benchmark,0,True,False,0.055947,35,30,0.041
Sudoku,Easy (30),0,A* (cells),1000,"[[0, 2, 4, 6, 8, 3, 9, 1, 5], [0, 0, 9, 0, 5, 0, 0, 2, 8], [0, 8, 6, 9, 2, 1, 3, 7, 0], [1, 7, 2, 3, 4, 6, 8, 5, 9], [4, 0, 0, 2, 9, 0, 0, 0, 0], [9, 0, 8, 1, 0, 0, 0, 0, 3], [0, 5, 0, 7, 3, 0, 4, 0, 0], [0, 4, 3, 0, 6, 2, 1, 0, 7], [0, 9, 7, 8, 0, 0, 5, 3, 6]]",benchmark,1,True,False,0.061266,35,30,0.041
Sudoku,Easy (30),0,A* (cells),1000,"[[0, 2, 4, 6, 8, 3, 9, 1, 5], [0, 0, 9, 0, 5, 0, 0, 2, 8], [0, 8, 6, 9, 2, 1, 3, 7, 0], [1, 7, 2, 3, 4, 6, 8, 5, 9], [4, 0, 0, 2, 9, 0, 0, 0, 0], [9, 0, 8, 1, 0, 0, 0, 0, 3], [0, 5, 0, 7, 3, 0, 4, 0, 0], [0, 4, 3, 0, 6, 2, 1, 0, 7], [0, 9, 7, 8, 0, 0, 5, 3, 6]]",benchmark,2,True,False,0.062624,35,30,0.041
Sudoku,Easy (30),0,A* (cells),1000,"[[0, 2, 4, 6, 8, 3, 9, 1, 5], [0, 0, 9, 0, 5, 0, 0, 2, 8], [0, 8, 6, 9, 2, 1, 3, 7, 0], [1, 7, 2, 3, 4, 6, 8, 5, 9], [4, 0, 0, 2, 9, 0, 0, 0, 0], [9, 0, 8, 1, 0, 0, 0, 0, 3], [0, 5, 0, 7, 3, 0, 4, 0, 0], [0, 4, 3, 0, 6, 2, 1, 0, 7], [0, 9, 7, 8, 0, 0, 5, 3, 6]]",benchmark,3,True,False,0.070296,35,30,0.041
Sudoku,Easy (30),0,A* (cells),1000,"[[0, 2, 4, 6, 8, 3, 9, 1, 5], [0, 0, 9, 0, 5, 0, 0, 2, 8], [0, 8, 6, 9, 2, 1, 3, 7, 0], [1, 7, 2, 3, 4, 6, 8, 5, 9], [4, 0, 0, 2, 9, 0, 0, 0, 0], [9, 0, 8, 1, 0, 0, 0, 0, 3], [0, 5, 0, 7, 3, 0, 4, 0, 0], [0, 4, 3, 0, 6, 2, 1, 0, 7], [0, 9, 7, 8, 0, 0, 5, 3, 6]]",benchmark,4,True,False,0.070215,35,30,0.041
Sudoku,Easy (30),0,A* (cells),1000,"[[0, 2, 4, 6, 8, 3, 9, 1, 5], [0, 0, 9, 0, 5, 0, 0, 2, 8], [0, 8, 6, 9, 2, 1, 3, 7, 0], [1, 7, 2, 3, 4, 6, 8, 5, 9], [4, 0, 0, 2, 9, 0, 0, 0, 0], [9, 0, 8, 1, 0, 0, 0, 0, 3], [0, 5, 0, 7, 3, 0, 4, 0, 0], [0, 4, 3, 0, 6, 2, 1, 0, 7], [0, 9, 7, 8, 0, 0, 5, 3, 6]]",benchmark,5,True,False,0.063382,35,30,0.041
Sudoku,Easy (30),0,A* (cells),1000,"[[0, 2, 4, 6, 8, 3, 9, 1, 5], [0, 0, 9, 0, 5, 0, 0, 2, 8], [0, 8, 6, 9, 2, 1, 3, 7, 0], [1, 7, 2, 3, 4, 6, 8, 5, 9], [4, 0, 0, 2, 9, 0, 0, 0, 0], [9, 0, 8, 1, 0, 0, 0, 0, 3], [0, 5, 0, 7, 3, 0, 4, 0, 0], [0, 4, 3, 0, 6, 2, 1, 0, 7], [0, 9, 7, 8, 0, 0, 5, 3, 6]]",benchmark,6,True,False,0.06423,35,30,0.041
Sudoku,Easy (30),0,A* (cells),1000,"[[0, 2, 4, 6, 8, 3, 9, 1, 5], [0, 0, 9, 0, 5, 0, 0, 2, 8], [0, 8, 6, 9, 2, 1, 3, 7, 0], [1, 7, 2, 3, 4, 6, 8, 5, 9], [4, 0, 0, 2, 9, 0, 0, 0, 0], [9, 0, 8, 1, 0, 0, 0, 0, 3], [0, 5, 0, 7, 3, 0, 4, 0, 0], [0, 4, 3, 0, 6, 2, 1, 0, 7], [0, 9, 7, 8, 0, 0, 5, 3, 6]]",benchmark,7,True,False,0.059615,35,30,0.041
Sudoku,Easy (30),0,A* (cells),1000,"[[0, 2, 4, 6, 8, 3, 9, 1, 5], [0, 0, 9, 0, 5, 0, 0, 2, 8], [0, 8, 6, 9, 2, 1, 3, 7, 0], [1, 7, 2, 3, 4, 6, 8, 5, 9], [4, 0, 0, 2, 9, 0, 0, 0, 0], [9, 0, 8, 1, 0, 0, 0, 0, 3], [0, 5, 0, 7, 3, 0, 4, 0, 0], [0, 4, 3, 0, 6, 2, 1, 0, 7], [0, 9, 7, 8, 0, 0, 5, 3, 6]]",benchmark,8,True,False,0.027027,35,30,0.041
Sudoku,Easy (30),0,A* (cells),1000,"[[0, 2, 4, 6, 8, 3, 9, 1, 5], [0, 0, 9, 0, 5, 0, 0, 2, 8], [0, 8, 6, 9, 2, 1, 3, 7, 0], [1, 7, 2, 3, 4, 6, 8, 5, 9], [4, 0, 0, 2, 9, 0, 0, 0, 0], [9, 0, 8, 1, 0, 0, 0, 0, 3], [0, 5, 0, 7, 3, 0, 4, 0, 0], [0, 4, 3, 0, 6, 2, 1, 0, 7], [0, 9, 7, 8, 0, 0, 5, 3, 6]]",benchmark,9,True,False,0.021386,35,30,0.041
Sudoku,Easy (30),0,A* (srv),1000,"[[0, 2, 4, 6, 8, 3, 9, 1, 5], [0, 0, 9, 0, 5, 0, 0, 2, 8], [0, 8, 6, 9, 2, 1, 3, 7, 0], [1, 7, 2, 3, 4, 6, 8, 5, 9], [4, 0, 0, 2, 9, 0, 0, 0, 0], [9, 0, 8, 1, 0, 0, 0, 0, 3], [0, 5, 0, 7, 3, 0, 4, 0, 0], [0, 4, 3, 0, 6, 2, 1, 0, 7], [0, 9, 7, 8, 0, 0, 5, 3, 6]]",warmup,0,True,False,0.073107,42,30,0.0439
Sudoku,Easy (30),0,A* (srv),1000,"[[0, 2, 4, 6, 8, 3, 9, 1, 5], [0, 0, 9, 0, 5, 0, 0, 2, 8], [0, 8, 6, 9, 2, 1, 3, 7, 0], [1, 7, 2, 3, 4, 6, 8, 5, 9], [4, 0, 0, 2, 9, 0, 0, 0, 0], [9, 0, 8, 1, 0, 0, 0, 0, 3], [0, 5, 0, 7, 3, 0, 4, 0, 0], [0, 4, 3, 0, 6, 2, 1, 0, 7], [0, 9, 7, 8, 0, 0, 5, 3, 6]]",warmup,1,True,False,0.055592,42,30,0.0395
Sudoku,Easy (30),0,A* (srv),1000,"[[0, 2, 4, 6, 8, 3, 9, 1, 5], [0, 0, 9, 0, 5, 0, 0, 2, 8], [0, 8, 6, 9, 2, 1, 3, 7, 0], [1, 7, 2, 3, 4, 6, 8, 5, 9], [4, 0, 0, 2, 9, 0, 0, 0, 0], [9, 0, 8, 1, 0, 0, 0, 0, 3], [0, 5, 0, 7, 3, 0, 4, 0, 0], [0, 4, 3, 0, 6, 2, 1, 0, 7], [0, 9, 7, 8, 0, 0, 5, 3, 6]]",benchmark,0,True,False,0.082986,42,30,0.0395
Sudoku,Easy (30),0,A* (srv),1000,"[[0, 2, 4, 6, 8, 3, 9, 1, 5], [0, 0, 9, 0, 5, 0, 0, 2, 8], [0, 8, 6, 9, 2, 1, 3, 7, 0], [1, 7, 2, 3, 4, 6, 8, 5, 9], [4, 0, 0, 2, 9, 0, 0, 0, 0], [9, 0, 8, 1, 0, 0, 0, 0, 3], [0, 5, 0, 7, 3, 0, 4, 0, 0], [0, 4, 3, 0, 6, 2, 1, 0, 7], [0, 9, 7, 8, 0, 0, 5, 3, 6]]",benchmark,1,True,False,0.074515,42,30,0.0395
Sudoku,Easy (30),0,A* (srv),1000,"[[0, 2, 4, 6, 8, 3, 9, 1, 5], [0, 0, 9, 0, 5, 0, 0, 2, 8], [0, 8, 6, 9, 2, 1, 3, 7, 0], [1, 7, 2, 3, 4, 6, 8, 5, 9], [4, 0, 0, 2, 9, 0, 0, 0, 0], [9, 0, 8, 1, 0, 0, 0, 0, 3], [0, 5, 0, 7, 3, 0, 4, 0, 0], [0, 4, 3, 0, 6, 2, 1, 0, 7], [0, 9, 7, 8, 0, 0, 5, 3, 6]]",benchmark,2,True,False,0.072517,42,30,0.0395
Sudoku,Easy (30),0,A* (srv),1000,"[[0, 2, 4, 6, 8, 3, 9, 1, 5], [0, 0, 9, 0, 5, 0, 0, 2, 8], [0, 8, 6, 9, 2, 1, 3, 7, 0], [1, 7, 2, 3, 4, 6, 8, 5, 9], [4, 0, 0, 2, 9, 0, 0, 0, 0], [9, 0, 8, 1, 0, 0, 0, 0, 3], [0, 5, 0, 7, 3, 0, 4, 0, 0], [0, 4, 3, 0, 6, 2, 1, 0, 7], [0, 9, 7, 8, 0, 0, 5, 3, 6]]",benchmark,3,True,False,0.063345,42,30,0.0395
Sudoku,Easy (30),0,A* (srv),1000,"[[0, 2, 4, 6, 8, 3, 9, 1, 5], [0, 0, 9, 0, 5, 0, 0, 2, 8], [0, 8, 6, 9, 2, 1, 3, 7, 0], [1, 7, 2, 3, 4, 6, 8, 5, 9], [4, 0, 0, 2, 9, 0, 0, 0, 0], [9, 0, 8, 1, 0, 0, 0, 0, 3], [0, 5, 0, 7, 3, 0, 4, 0, 0], [0, 4, 3, 0, 6, 2, 1, 0, 7], [0, 9, 7, 8, 0, 0, 5, 3, 6]]",benchmark,4,True,False,0.052068,42,30,0.0395
Sudoku,Easy (30),0,A* (srv),1000,"[[0, 2, 4, 6, 8, 3, 9, 1, 5], [0, 0, 9, 0, 5, 0, 0, 2, 8], [0, 8, 6, 9, 2, 1, 3, 7, 0], [1, 7, 2, 3, 4, 6, 8, 5, 9], [4, 0, 0, 2, 9, 0, 0, 0, 0], [9, 0, 8, 1, 0, 0, 0, 0, 3], [0, 5, 0, 7, 3, 0, 4, 0, 0], [0, 4, 3, 0, 6, 2, 1, 0, 7], [0, 9, 7, 8, 0, 0, 5, 3, 6]]",benchmark,5,True,False,0.058049,42,30,0.0395
Sudoku,Easy (30),0,A* (srv),1000,"[[0, 2, 4, 6, 8, 3, 9, 1, 5], [0, 0, 9, 0, 5, 0, 0, 2, 8], [0, 8, 6, 9, 2, 1, 3, 7, 0], [1, 7, 2, 3, 4, 6, 8, 5, 9], [4, 0, 0, 2, 9, 0, 0, 0, 0], [9, 0, 8, 1, 0, 0, 0, 0, 3], [0, 5, 0, 7, 3, 0, 4, 0, 0], [0, 4, 3, 0, 6, 2, 1, 0, 7], [0, 9, 7, 8, 0, 0, 5, 3, 6]]",benchmark,6,True,False,0.057701,42,30,0.0395
Sudoku,Easy (30),0,A* (srv),1000,"[[0, 2, 4, 6, 8, 3, 9, 1, 5], [0, 0, 9, 0, 5, 0, 0, 2, 8], [0, 8, 6, 9, 2, 1, 3, 7, 0], [1, 7, 2, 3, 4, 6, 8, 5, 9], [4, 0, 0, 2, 9, 0, 0, 0, 0], [9, 0, 8, 1, 0, 0, 0, 0, 3], [0, 5, 0, 7, 3, 0, 4, 0, 0], [0, 4, 3, 0, 6, 2, 1, 0, 7], [0, 9, 7, 8, 0, 0, 5, 3, 6]]",benchmark,7,True,False,0.066237,42,30,0.0395
Sudoku,Easy (30),0,A* (srv),1000,"[[0, 2, 4, 6, 8, 3, 9, 1, 5], [0, 0, 9, 0, 5, 0, 0, 2, 8], [0, 8, 6, 9, 2, 1, 3, 7, 0], [1, 7, 2, 3, 4, 6, 8, 5, 9], [4, 0, 0, 2, 9, 0, 0, 0, 0], [9, 0, 8, 1, 0, 0, 0, 0, 3], [0, 5, 0, 7, 3, 0, 4, 0, 0], [0, 4, 3, 0, 6, 2, 1, 0, 7], [0, 9, 7, 8, 0, 0, 5, 3, 6]]",benchmark,8,True,False,0.0563,42,30,0.0395
Sudoku,Easy (30),0,A* (srv),1000,"[[0, 2, 4, 6, 8, 3, 9, 1, 5], [0, 0, 9, 0, 5, 0, 0, 2, 8], [0, 8, 6, 9, 2, 1, 3, 7, 0], [1, 7, 2, 3, 4, 6, 8, 5, 9], [4, 0, 0, 2, 9, 0, 0, 0, 0], [9, 0, 8, 1, 0, 0, 0, 0, 3], [0, 5, 0, 7, 3, 0, 4, 0, 0], [0, 4, 3, 0, 6, 2, 1, 0, 7], [0, 9, 7, 8, 0, 0, 5, 3, 6]]",benchmark,9,True,False,0.067443,42,30,0.0395
Sudoku,Easy (30),0,A* (zero),1000,"[[0, 2, 4, 6, 8, 3, 9, 1, 5], [0, 0, 9, 0, 5, 0, 0, 2, 8], [0, 8, 6, 9, 2, 1, 3, 7, 0], [1, 7, 2, 3, 4, 6, 8, 5, 9], [4, 0, 0, 2, 9, 0, 0, 0, 0], [9, 0, 8, 1, 0, 0, 0, 0, 3], [0, 5, 0, 7, 3, 0, 4, 0, 0], [0, 4, 3, 0, 6, 2, 1, 0, 7], [0, 9, 7, 8, 0, 0, 5, 3, 6]]",warmup,0,True,False,0.046531,42,30,0.044
Sudoku,Easy (30),0,A* (zero),1000,"[[0, 2, 4, 6, 8, 3, 9, 1, 5], [0, 0, 9, 0, 5, 0, 0, 2, 8], [0, 8, 6, 9, 2, 1, 3, 7, 0], [1, 7, 2, 3, 4, 6, 8, 5, 9], [4, 0, 0, 2, 9, 0, 0, 0, 0], [9, 0, 8, 1, 0, 0, 0, 0, 3], [0, 5, 0, 7, 3, 0, 4, 0, 0], [0, 4, 3, 0, 6, 2, 1, 0, 7], [0, 9, 7, 8, 0, 0, 5, 3, 6]]",warmup,1,True,False,0.055913,42,30,0.0395
Sudoku,Easy (30),0,A* (zero),1000,"[[0, 2, 4, 6, 8, 3, 9, 1, 5], [0, 0, 9, 0, 5, 0, 0, 2, 8], [0, 8, 6, 9, 2, 1, 3, 7, 0], [1, 7, 2, 3, 4, 6, 8, 5, 9], [4, 0, 0, 2, 9, 0, 0, 0, 0], [9, 0, 8, 1, 0, 0, 0, 0, 3], [0, 5, 0, 7, 3, 0, 4, 0, 0], [0, 4, 3, 0, 6, 2, 1, 0, 7], [0, 9, 7, 8, 0, 0, 5, 3, 6]]",benchmark,0,True,False,0.057513,42,30,0.0395
Sudoku,Easy (30),0,A* (zero),1000,"[[0, 2, 4, 6, 8, 3, 9, 1, 5], [0, 0, 9, 0, 5, 0, 0, 2, 8], [0, 8, 6, 9, 2, 1, 3, 7, 0], [1, 7, 2, 3, 4, 6, 8, 5, 9], [4, 0, 0, 2, 9, 0, 0, 0, 0], [9, 0, 8, 1, 0, 0, 0, 0, 3], [0, 5, 0, 7, 3, 0, 4, 0, 0], [0, 4, 3, 0, 6, 2, 1, 0, 7], [0, 9, 7, 8, 0, 0, 5, 3, 6]]",benchmark,1,True,False,0.055303,42,30,0.0395
Sudoku,Easy (30),0,A* (zero),1000,"[[0, 2, 4, 6, 8, 3, 9, 1, 5], [0, 0, 9, 0, 5, 0, 0, 2, 8], [0, 8, 6, 9, 2, 1, 3, 7, 0], [1, 7, 2, 3, 4, 6, 8, 5, 9], [4, 0, 0, 2, 9, 0, 0, 0, 0], [9, 0, 8, 1, 0, 0, 0, 0, 3], [0, 5, 0, 7, 3, 0, 4, 0, 0], [0, 4, 3, 0, 6, 2, 1, 0, 7], [0, 9, 7, 8, 0, 0, 5, 3, 6]]",benchmark,2,True,False,0.061311,42,30,0.0395
Sudoku,Easy (30),0,A* (zero),1000,"[[0, 2, 4, 6, 8, 3, 9, 1, 5], [0, 0, 9, 0, 5, 0, 0, 2, 8], [0, 8, 6, 9, 2, 1, 3, 7, 0], [1, 7, 2, 3, 4, 6, 8, 5, 9], [4, 0, 0, 2, 9, 0, 0, 0, 0], [9, 0, 8, 1, 0, 0, 0, 0, 3], [0, 5, 0, 7, 3, 0, 4, 0, 0], [0, 4, 3, 0, 6, 2, 1, 0, 7], [0, 9, 7, 8, 0, 0, 5, 3, 6]]",benchmark,3,True,False,0.064264,42,30,0.0395
Sudoku,Easy (30),0,A* (zero),1000,"[[0, 2, 4, 6, 8, 3, 9, 1, 5], [0, 0, 9, 0, 5, 0, 0, 2, 8], [0, 8, 6, 9, 2, 1, 3, 7, 0], [1, 7, 2, 3, 4, 6, 8, 5, 9], [4, 0, 0, 2, 9, 0, 0, 0, 0], [9, 0, 8, 1, 0, 0, 0, 0, 3], [0, 5, 0, 7, 3, 0, 4, 0, 0], [0, 4, 3, 0, 6, 2, 1, 0, 7], [0, 9, 7, 8, 0, 0, 5, 3, 6]]",benchmark,4,True,False,0.06413,42,30,0.0395
Sudoku,Easy (30),0,A* (zero),1000,"[[0, 2, 4, 6, 8, 3, 9, 1, 5], [0, 0, 9, 0, 5, 0, 0, 2, 8], [0, 8, 6, 9, 2, 1, 3, 7, 0], [1, 7, 2, 3, 4, 6, 8, 5, 9], [4, 0, 0, 2, 9, 0, 0, 0, 0], [9, 0, 8, 1, 0, 0, 0, 0, 3], [0, 5, 0, 7, 3, 0, 4, 0, 0], [0, 4, 3, 0, 6, 2, 1, 0, 7], [0, 9, 7, 8, 0, 0, 5, 3, 6]]",benchmark,5,True,False,0.061511,42,30,0.0395
Sudoku,Easy (30),0,A* (zero),1000,"[[0, 2, 4, 6, 8, 3, 9, 1, 5], [0, 0, 9, 0, 5, 0, 0, 2, 8], [0, 8, 6, 9, 2, 1, 3, 7, 0], [1, 7, 2, 3, 4, 6, 8, 5, 9], [4, 0, 0, 2, 9, 0, 0, 0, 0], [9, 0, 8, 1, 0, 0, 0, 0, 3], [0, 5, 0, 7, 3, 0, 4, 0, 0], [0, 4, 3, 0, 6, 2, 1, 0, 7], [0, 9, 7, 8, 0, 0, 5, 3, 6]]",benchmark,6,True,False,0.070626,42,30,0.0395
Sudoku,Easy (30),0,A* (zero),1000,"[[0, 2, 4, 6, 8, 3, 9, 1, 5], [0, 0, 9, 0, 5, 0, 0, 2, 8], [0, 8, 6, 9, 2, 1, 3, 7, 0], [1, 7, 2, 3, 4, 6, 8, 5, 9], [4, 0, 0, 2, 9, 0, 0, 0, 0], [9, 0, 8, 1, 0, 0, 0, 0, 3], [0, 5, 0, 7, 3, 0, 4, 0, 0], [0, 4, 3, 0, 6, 2, 1, 0, 7], [0, 9, 7, 8, 0, 0, 5, 3, 6]]",benchmark,7,True,False,0.073775,42,30,0.0395
Sudoku,Easy (30),0,A* (zero),1000,"[[0, 2, 4, 6, 8, 3, 9, 1, 5], [0, 0, 9, 0, 5, 0, 0, 2, 8], [0, 8, 6, 9, 2, 1, 3, 7, 0], [1, 7, 2, 3, 4, 6, 8, 5, 9], [4, 0, 0, 2, 9, 0, 0, 0, 0], [9, 0, 8, 1, 0, 0, 0, 0, 3], [0, 5, 0, 7, 3, 0, 4, 0, 0], [0, 4, 3, 0, 6, 2, 1, 0, 7], [0, 9, 7, 8, 0, 0, 5, 3, 6]]",benchmark,8,True,False,0.037045,42,30,0.0395
Sudoku,Easy (30),0,A* (zero),1000,"[[0, 2, 4, 6, 8, 3, 9, 1, 5], [0, 0, 9, 0, 5, 0, 0, 2, 8], [0, 8, 6, 9, 2, 1, 3, 7, 0], [1, 7, 2, 3, 4, 6, 8, 5, 9], [4, 0, 0, 2, 9, 0, 0, 0, 0], [9, 0, 8, 1, 0, 0, 0, 0, 3], [0, 5, 0, 7, 3, 0, 4, 0, 0], [0, 4, 3, 0, 6, 2, 1, 0, 7], [0, 9, 7, 8, 0, 0, 5, 3, 6]]",benchmark,9,True,False,0.024852,42,30,0.0395
Sudoku,Easy (30),1,DFS,1001,"[[0, 4, 0, 3, 0, 9, 6, 2, 0], [9, 5, 0, 0, 6, 0, 0, 4, 3], [6, 0, 3, 8, 0, 0, 9, 0, 0], [3, 1, 0, 0, 0, 0, 0, 9, 5], [7, 9, 6, 0, 0, 1, 0, 0, 4], [5, 0, 2, 0, 9, 0, 7, 1, 6], [0, 6, 5, 9, 8, 0, 4, 3, 1], [0, 3, 1, 2, 4, 6, 5, 7, 9], [4, 7, 0, 1, 3, 5, 0, 6, 2]]",warmup,0,True,False,0.01056,36,30,0.0427
Sudoku,Easy (30),1,DFS,1001,"[[0, 4, 0, 3, 0, 9, 6, 2, 0], [9, 5, 0, 0, 6, 0, 0, 4, 3], [6, 0, 3, 8, 0, 0, 9, 0, 0], [3, 1, 0, 0, 0, 0, 0, 9, 5], [7, 9, 6, 0, 0, 1, 0, 0, 4], [5, 0, 2, 0, 9, 0, 7, 1, 6], [0, 6, 5, 9, 8, 0, 4, 3, 1], [0, 3, 1, 2, 4, 6, 5, 7, 9], [4, 7, 0, 1, 3, 5, 0, 6, 2]]",warmup,1,True,False,0.011595,36,30,0.0377
Sudoku,Easy (30),1,DFS,1001,"[[0, 4, 0, 3, 0, 9, 6, 2, 0], [9, 5, 0, 0, 6, 0, 0, 4, 3], [6, 0, 3, 8, 0, 0, 9, 0, 0], [3, 1, 0, 0, 0, 0, 0, 9, 5], [7, 9, 6, 0, 0, 1, 0, 0, 4], [5, 0, 2, 0, 9, 0, 7, 1, 6], [0, 6, 5, 9, 8, 0, 4, 3, 1], [0, 3, 1, 2, 4, 6, 5, 7, 9], [4, 7, 0, 1, 3, 5, 0, 6, 2]]",benchmark,0,True,False,0.011983,36,30,0.0377
Sudoku,Easy (30),1,DFS,1001,"[[0, 4, 0, 3, 0, 9, 6, 2, 0], [9, 5, 0, 0, 6, 0, 0, 4, 3], [6, 0, 3, 8, 0, 0, 9, 0, 0], [3, 1, 0, 0, 0, 0, 0, 9, 5], [7, 9, 6, 0, 0, 1, 0, 0, 4], [5, 0, 2, 0, 9, 0, 7, 1, 6], [0, 6, 5, 9, 8, 0, 4, 3, 1], [0, 3, 1, 2, 4, 6, 5, 7, 9], [4, 7, 0, 1, 3, 5, 0, 6, 2]]",benchmark,1,True,False,0.013509,36,30,0.0377
Sudoku,Easy (30),1,DFS,1001,"[[0, 4, 0, 3, 0, 9, 6, 2, 0], [9, 5, 0, 0, 6, 0, 0, 4, 3], [6, 0, 3, 8, 0, 0, 9, 0, 0], [3, 1, 0, 0, 0, 0, 0, 9, 5], [7, 9, 6, 0, 0, 1, 0, 0, 4], [5, 0, 2, 0, 9, 0, 7, 1, 6], [0, 6, 5, 9, 8, 0, 4, 3, 1], [0, 3, 1, 2, 4, 6, 5, 7, 9], [4, 7, 0, 1, 3, 5, 0, 6, 2]]",benchmark,2,True,False,0.014081,36,30,0.0377
Sudoku,Easy (30),1,DFS,1001,"[[0, 4, 0, 3, 0, 9, 6, 2, 0], [9, 5, 0, 0, 6, 0, 0, 4, 3], [6, 0, 3, 8, 0, 0, 9, 0, 0], [3, 1, 0, 0, 0, 0, 0, 9, 5], [7, 9, 6, 0, 0, 1, 0, 0, 4], [5, 0, 2, 0, 9, 0, 7, 1, 6], [0, 6, 5, 9, 8, 0, 4, 3, 1], [0, 3, 1, 2, 4, 6, 5, 7, 9], [4, 7, 0, 1, 3, 5, 0, 6, 2]]",benchmark,3,True,False,0.018148,36,30,0.0377
Sudoku,Easy (30),1,DFS,1001,"[[0, 4, 0, 3, 0, 9, 6, 2, 0], [9, 5, 0, 0, 6, 0, 0, 4, 3], [6, 0, 3, 8, 0, 0, 9, 0, 0], [3, 1, 0, 0, 0, 0, 0, 9, 5], [7, 9, 6, 0, 0, 1, 0, 0, 4], [5, 0, 2, 0, 9, 0, 7, 1, 6], [0, 6, 5, 9, 8, 0, 4, 3, 1], [0, 3, 1, 2, 4, 6, 5, 7, 9], [4, 7, 0, 1, 3, 5, 0, 6, 2]]",benchmark,4,True,False,0.01482,36,30,0.0377
Sudoku,Easy (30),1,DFS,1001,"[[0, 4, 0, 3, 0, 9, 6, 2, 0], [9, 5, 0, 0, 6, 0, 0, 4, 3], [6, 0, 3, 8, 0, 0, 9, 0, 0], [3, 1, 0, 0, 0, 0, 0, 9, 5], [7, 9, 6, 0, 0, 1, 0, 0, 4], [5, 0, 2, 0, 9, 0, 7, 1, 6], [0, 6, 5, 9, 8, 0, 4, 3, 1], [0, 3, 1, 2, 4, 6, 5, 7, 9], [4, 7, 0, 1, 3, 5, 0, 6, 2]]",benchmark,5,True,False,0.012835,36,30,0.0377
Sudoku,Easy (30),1,DFS,1001,"[[0, 4, 0, 3, 0, 9, 6, 2, 0], [9, 5, 0, 0, 6, 0, 0, 4, 3], [6, 0, 3, 8, 0, 0, 9, 0, 0], [3, 1, 0, 0, 0, 0, 0, 9, 5], [7, 9, 6, 0, 0, 1, 0, 0, 4], [5, 0, 2, 0, 9, 0, 7, 1, 6], [0, 6, 5, 9, 8, 0, 4, 3, 1], [0, 3, 1, 2, 4, 6, 5, 7, 9], [4, 7, 0, 1, 3, 5, 0, 6, 2]]",benchmark,6,True,False,0.014338,36,30,0.0377
Sudoku,Easy (30),1,DFS,1001,"[[0, 4, 0, 3, 0, 9, 6, 2, 0], [9, 5, 0, 0, 6, 0, 0, 4, 3], [6, 0, 3, 8, 0, 0, 9, 0, 0], [3, 1, 0, 0, 0, 0, 0, 9, 5], [7, 9, 6, 0, 0, 1, 0, 0, 4], [5, 0, 2, 0, 9, 0, 7, 1, 6], [0, 6, 5, 9, 8, 0, 4, 3, 1], [0, 3, 1, 2, 4, 6, 5, 7, 9], [4, 7, 0, 1, 3, 5, 0, 6, 2]]",benchmark,7,True,False,0.010821,36,30,0.0377
Sudoku,Easy (30),1,DFS,1001,"[[0, 4, 0, 3, 0, 9, 6, 2, 0], [9, 5, 0, 0, 6, 0, 0, 4, 3], [6, 0, 3, 8, 0, 0, 9, 0, 0], [3, 1, 0, 0, 0, 0, 0, 9, 5], [7, 9, 6, 0, 0, 1, 0, 0, 4], [5, 0, 2, 0, 9, 0, 7, 1, 6], [0, 6, 5, 9, 8, 0, 4, 3, 1], [0, 3, 1, 2, 4, 6, 5, 7, 9], [4, 7, 0, 1, 3, 5, 0, 6, 2]]",benchmark,8,True,False,0.011993,36,30,0.0377
Sudoku,Easy (30),1,DFS,1001,"[[0, 4, 0, 3, 0, 9, 6, 2, 0], [9, 5, 0, 0, 6, 0, 0, 4, 3], [6, 0, 3, 8, 0, 0, 9, 0, 0], [3, 1, 0, 0, 0, 0, 0, 9, 5], [7, 9, 6, 0, 0, 1, 0, 0, 4], [5, 0, 2, 0, 9, 0, 7, 1, 6], [0, 6, 5, 9, 8, 0, 4, 3, 1], [0, 3, 1, 2, 4, 6, 5, 7, 9], [4, 7, 0, 1, 3, 5, 0, 6, 2]]",benchmark,9,True,False,0.006518,36,30,0.0377
Sudoku,Easy (30),1,A* (mrv),1001,"[[0, 4, 0, 3, 0, 9, 6, 2, 0], [9, 5, 0, 0, 6, 0, 0, 4, 3], [6, 0, 3, 8, 0, 0, 9, 0, 0], [3, 1, 0, 0, 0, 0, 0, 9, 5], [7, 9, 6, 0, 0, 1, 0, 0, 4], [5, 0, 2, 0, 9, 0, 7, 1, 6], [0, 6, 5, 9, 8, 0, 4, 3, 1], [0, 3, 1, 2, 4, 6, 5, 7, 9], [4, 7, 0, 1, 3, 5, 0, 6, 2]]",warmup,0,True,False,0.047353,31,30,0.0446
Sudoku,Easy (30),1,A* (mrv),1001,"[[0, 4, 0, 3, 0, 9, 6, 2, 0], [9, 5, 0, 0, 6, 0, 0, 4, 3], [6, 0, 3, 8, 0, 0, 9, 0, 0], [3, 1, 0, 0, 0, 0, 0, 9, 5], [7, 9, 6, 0, 0, 1, 0, 0, 4], [5, 0, 2, 0, 9, 0, 7, 1, 6], [0, 6, 5, 9, 8, 0, 4, 3, 1], [0, 3, 1, 2, 4, 6, 5, 7, 9], [4, 7, 0, 1, 3, 5, 0, 6, 2]]",warmup,1,True,False,0.054804,31,30,0.0397
Sudoku,Easy (30),1,A* (mrv),1001,"[[0, 4, 0, 3, 0, 9, 6, 2, 0], [9, 5, 0, 0, 6, 0, 0, 4, 3], [6, 0, 3, 8, 0, 0, 9, 0, 0], [3, 1, 0, 0, 0, 0, 0, 9, 5], [7, 9, 6, 0, 0, 1, 0, 0, 4], [5, 0, 2, 0, 9, 0, 7, 1, 6], [0, 6, 5, 9, 8, 0, 4, 3, 1], [0, 3, 1, 2, 4, 6, 5, 7, 9], [4, 7, 0, 1, 3, 5, 0, 6, 2]]",benchmark,0,True,False,0.055149,31,30,0.0397
Sudoku,Easy (30),1,A* (mrv),1001,"[[0, 4, 0, 3, 0, 9, 6, 2, 0], [9, 5, 0, 0, 6, 0, 0, 4, 3], [6, 0, 3, 8, 0, 0, 9, 0, 0], [3, 1, 0, 0, 0, 0, 0, 9, 5], [7, 9, 6, 0, 0, 1, 0, 0, 4], [5, 0, 2, 0, 9, 0, 7, 1, 6], [0, 6, 5, 9, 8, 0, 4, 3, 1], [0, 3, 1, 2, 4, 6, 5, 7, 9], [4, 7, 0, 1, 3, 5, 0, 6, 2]]",benchmark,1,True,False,0.056333,31,30,0.0397
Sudoku,Easy (30),1,A* (mrv),1001,"[[0, 4, 0, 3, 0, 9, 6, 2, 0], [9, 5, 0, 0, 6, 0, 0, 4, 3], [6, 0, 3, 8, 0, 0, 9, 0, 0], [3, 1, 0, 0, 0, 0, 0, 9, 5], [7, 9, 6, 0, 0, 1, 0, 0, 4], [5, 0, 2, 0, 9, 0, 7, 1, 6], [0, 6, 5, 9, 8, 0, 4, 3, 1], [0, 3, 1, 2, 4, 6, 5, 7, 9], [4, 7, 0, 1, 3, 5, 0, 6, 2]]",benchmark,2,True,False,0.064991,31,30,0.0397
Sudoku,Easy (30),1,A* (mrv),1001,"[[0, 4, 0, 3, 0, 9, 6, 2, 0], [9, 5, 0, 0, 6, 0, 0, 4, 3], [6, 0, 3, 8, 0, 0, 9, 0, 0], [3, 1, 0, 0, 0, 0, 0, 9, 5], [7, 9, 6, 0, 0, 1, 0, 0, 4], [5, 0, 2, 0, 9, 0, 7, 1, 6], [0, 6, 5, 9, 8, 0, 4, 3, 1], [0, 3, 1, 2, 4, 6, 5, 7, 9], [4, 7, 0, 1, 3, 5, 0, 6, 2]]",benchmark,3,True,False,0.061995,31,30,0.0397
Sudoku,Easy (30),1,A* (mrv),1001,"[[0, 4, 0, 3, 0, 9, 6, 2, 0], [9, 5, 0, 0, 6, 0, 0, 4, 3], [6, 0, 3, 8, 0, 0, 9, 0, 0], [3, 1, 0, 0, 0, 0, 0, 9, 5], [7, 9, 6, 0, 0, 1, 0, 0, 4], [5, 0, 2, 0, 9, 0, 7, 1, 6], [0, 6, 5, 9, 8, 0, 4, 3, 1], [0, 3, 1, 2, 4, 6, 5, 7, 9], [4, 7, 0, 1, 3, 5, 0, 6, 2]]",benchmark,4,True,False,0.064348,31,30,0.0397
Sudoku,Easy (30),1,A* (mrv),1001,"[[0, 4, 0, 3, 0, 9, 6, 2, 0], [9, 5, 0, 0, 6, 0, 0, 4, 3], [6, 0, 3, 8, 0, 0, 9, 0, 0], [3, 1, 0, 0, 0, 0, 0, 9, 5], [7, 9, 6, 0, 0, 1, 0, 0, 4], [5, 0, 2, 0, 9, 0, 7, 1, 6], [0, 6, 5, 9, 8, 0, 4, 3, 1], [0, 3, 1, 2, 4, 6, 5, 7, 9], [4, 7, 0, 1, 3, 5, 0, 6, 2]]",benchmark,5,True,False,0.068517,31,30,0.0397
Sudoku,Easy (30),1,A* (mrv),1001,"[[0, 4, 0, 3, 0, 9, 6, 2, 0], [9, 5, 0, 0, 6, 0, 0, 4, 3], [6, 0, 3, 8, 0, 0, 9, 0, 0], [3, 1, 0, 0, 0, 0, 0, 9, 5], [7, 9, 6, 0, 0, 1, 0, 0, 4], [5, 0, 2, 0, 9, 0, 7, 1, 6], [0, 6, 5, 9, 8, 0, 4, 3, 1], [0, 3, 1, 2, 4, 6, 5, 7, 9], [4, 7, 0, 1, 3, 5, 0, 6, 2]]",benchmark,6,True,False,0.06493,31,30,0.0397
Sudoku,Easy (30),1,A* (mrv),1001,"[[0, 4, 0, 3, 0, 9, 6, 2, 0], [9, 5, 0, 0, 6, 0, 0, 4, 3], [6, 0, 3, 8, 0, 0, 9, 0, 0], [3, 1, 0, 0, 0, 0, 0, 9, 5], [7, 9, 6, 0, 0, 1, 0, 0, 4], [5, 0, 2, 0, 9, 0, 7, 1, 6], [0, 6, 5, 9, 8, 0, 4, 3, 1], [0, 3, 1, 2, 4, 6, 5, 7, 9], [4, 7, 0, 1, 3, 5, 0, 6, 2]]",benchmark,7,True,False,0.065764,31,30,0.0397
Sudoku,Easy (30),1,A* (mrv),1001,"[[0, 4, 0, 3, 0, 9, 6, 2, 0], [9, 5, 0, 0, 6, 0, 0, 4, 3], [6, 0, 3, 8, 0, 0, 9, 0, 0], [3, 1, 0, 0, 0, 0, 0, 9, 5], [7, 9, 6, 0, 0, 1, 0, 0, 4], [5, 0, 2, 0, 9, 0, 7, 1, 6], [0, 6, 5, 9, 8, 0, 4, 3, 1], [0, 3, 1, 2, 4, 6, 5, 7, 9], [4, 7, 0, 1, 3, 5, 0, 6, 2]]",benchmark,8,True,False,0.03877,31,30,0.0397
Sudoku,Easy (30),1,A* (mrv),1001,"[[0, 4, 0, 3, 0, 9, 6, 2, 0], [9, 5, 0, 0, 6, 0, 0, 4, 3], [6, 0, 3, 8, 0, 0, 9, 0, 0], [3, 1, 0, 0, 0, 0, 0, 9, 5], [7, 9, 6, 0, 0, 1, 0, 0, 4], [5, 0, 2, 0, 9, 0, 7, 1, 6], [0, 6, 5, 9, 8, 0, 4, 3, 1], [0, 3, 1, 2, 4, 6, 5, 7, 9], [4, 7, 0, 1, 3, 5, 0, 6, 2]]",benchmark,9,True,False,0.032248,31,30,0.0397
Sudoku,Easy (30),1,A* (cells),1001,"[[0, 4, 0, 3, 0, 9, 6, 2, 0], [9, 5, 0, 0, 6, 0, 0, 4, 3], [6, 0, 3, 8, 0, 0, 9, 0, 0], [3, 1, 0, 0, 0, 0, 0, 9, 5], [7, 9, 6, 0, 0, 1, 0, 0, 4], [5, 0, 2, 0, 9, 0, 7, 1, 6], [0, 6, 5, 9, 8, 0, 4, 3, 1], [0, 3, 1, 2, 4, 6, 5, 7, 9], [4, 7, 0, 1, 3, 5, 0, 6, 2]]",warmup,0,True,False,0.045987,36,30,0.0476
Sudoku,Easy (30),1,A* (cells),1001,"[[0, 4, 0, 3, 0, 9, 6, 2, 0], [9, 5, 0, 0, 6, 0, 0, 4, 3], [6, 0, 3, 8, 0, 0, 9, 0, 0], [3, 1, 0, 0, 0, 0, 0, 9, 5], [7, 9, 6, 0, 0, 1, 0, 0, 4], [5, 0, 2, 0, 9, 0, 7, 1, 6], [0, 6, 5, 9, 8, 0, 4, 3, 1], [0, 3, 1, 2, 4, 6, 5, 7, 9], [4, 7, 0, 1, 3, 5, 0, 6, 2]]",warmup,1,True,False,0.052891,36,30,0.0423
Sudoku,Easy (30),1,A* (cells),1001,"[[0, 4, 0, 3, 0, 9, 6, 2, 0], [9, 5, 0, 0, 6, 0, 0, 4, 3], [6, 0, 3, 8, 0, 0, 9, 0, 0], [3, 1, 0, 0, 0, 0, 0, 9, 5], [7, 9, 6, 0, 0, 1, 0, 0, 4], [5, 0, 2, 0, 9, 0, 7, 1, 6], [0, 6, 5, 9, 8, 0, 4, 3, 1], [0, 3, 1, 2, 4, 6, 5, 7, 9], [4, 7, 0, 1, 3, 5, 0, 6, 2]]",benchmark,0,True,False,0.054858,36,30,0.0423
Sudoku,Easy (30),1,A* (cells),1001,"[[0, 4, 0, 3, 0, 9, 6, 2, 0], [9, 5, 0, 0, 6, 0, 0, 4, 3], [6, 0, 3, 8, 0, 0, 9, 0, 0], [3, 1, 0, 0, 0, 0, 0, 9, 5], [7, 9, 6, 0, 0, 1, 0, 0, 4], [5, 0, 2, 0, 9, 0, 7, 1, 6], [0, 6, 5, 9, 8, 0, 4, 3, 1], [0, 3, 1, 2, 4, 6, 5, 7, 9], [4, 7, 0, 1, 3, 5, 0, 6, 2]]",benchmark,1,True,False,0.055211,36,30,0.0423
Sudoku,Easy (30),1,A* (cells),1001,"[[0, 4, 0, 3, 0, 9, 6, 2, 0], [9, 5, 0, 0, 6, 0, 0, 4, 3], [6, 0, 3, 8, 0, 0, 9, 0, 0], [3, 1, 0, 0, 0, 0, 0, 9, 5], [7, 9, 6, 0, 0, 1, 0, 0, 4], [5, 0, 2, 0, 9, 0, 7, 1, 6], [0, 6, 5, 9, 8, 0, 4, 3, 1], [0, 3, 1, 2, 4, 6, 5, 7, 9], [4, 7, 0, 1, 3, 5, 0, 6, 2]]",benchmark,2,True,False,0.063217,36,30,0.0423
Sudoku,Easy (30),1,A* (cells),1001,"[[0, 4, 0, 3, 0, 9, 6, 2, 0], [9, 5, 0, 0, 6, 0, 0, 4, 3], [6, 0, 3, 8, 0, 0, 9, 0, 0], [3, 1, 0, 0, 0, 0, 0, 9, 5], [7, 9, 6, 0, 0, 1, 0, 0, 4], [5, 0, 2, 0, 9, 0, 7, 1, 6], [0, 6, 5, 9, 8, 0, 4, 3, 1], [0, 3, 1, 2, 4, 6, 5, 7, 9], [4, 7, 0, 1, 3, 5, 0, 6, 2]]",benchmark,3,True,False,0.060478,36,30,0.0423
Sudoku,Easy (30),1,A* (cells),1001,"[[0, 4, 0, 3, 0, 9, 6, 2, 0], [9, 5, 0, 0, 6, 0, 0, 4, 3], [6, 0, 3, 8, 0, 0, 9, 0, 0], [3, 1, 0, 0, 0, 0, 0, 9, 5], [7, 9, 6, 0, 0, 1, 0, 0, 4], [5, 0, 2, 0, 9, 0, 7, 1, 6], [0, 6, 5, 9, 8, 0, 4, 3, 1], [0, 3, 1, 2, 4, 6, 5, 7, 9], [4, 7, 0, 1, 3, 5, 0, 6, 2]]",benchmark,4,True,False,0.062664,36,30,0.0423
Sudoku,Easy (30),1,A* (cells),1001,"[[0, 4, 0, 3, 0, 9, 6, 2, 0], [9, 5, 0, 0, 6, 0, 0, 4, 3], [6, 0, 3, 8, 0, 0, 9, 0, 0], [3, 1, 0, 0, 0, 0, 0, 9, 5], [7, 9, 6, 0, 0, 1, 0, 0, 4], [5, 0, 2, 0, 9, 0, 7, 1, 6], [0, 6, 5, 9, 8, 0, 4, 3, 1], [0, 3, 1, 2, 4, 6, 5, 7, 9], [4, 7, 0, 1, 3, 5, 0, 6, 2]]",benchmark,5,True,False,0.066696,36,30,0.0423
Sudoku,Easy (30),1,A* (cells),1001,"[[0, 4, 0, 3, 0, 9, 6, 2, 0], [9, 5, 0, 0, 6, 0, 0, 4, 3], [6, 0, 3, 8, 0, 0, 9, 0, 0], [3, 1, 0, 0, 0, 0, 0, 9, 5], [7, 9, 6, 0, 0, 1, 0, 0, 4], [5, 0, 2, 0, 9, 0, 7, 1, 6], [0, 6, 5, 9, 8, 0, 4, 3, 1], [0, 3, 1, 2, 4, 6, 5, 7, 9], [4, 7, 0, 1, 3, 5, 0, 6, 2]]",benchmark,6,True,False,0.062862,36,30,0.0423
Sudoku,Easy (30),1,A* (cells),1001,"[[0, 4, 0, 3, 0, 9, 6, 2, 0], [9, 5, 0, 0, 6, 0, 0, 4, 3], [6, 0, 3, 8, 0, 0, 9, 0, 0], [3, 1, 0, 0, 0, 0, 0, 9, 5], [7, 9, 6, 0, 0, 1, 0, 0, 4], [5, 0, 2, 0, 9, 0, 7, 1, 6], [0, 6, 5, 9, 8, 0, 4, 3, 1], [0, 3, 1, 2, 4, 6, 5, 7, 9], [4, 7, 0, 1, 3, 5, 0, 6, 2]]",benchmark,7,True,False,0.062652,36,30,0.0423
Sudoku,Easy (30),1,A* (cells),1001,"[[0, 4, 0, 3, 0, 9, 6, 2, 0], [9, 5, 0, 0, 6, 0, 0, 4, 3], [6, 0, 3, 8, 0, 0, 9, 0, 0], [3, 1, 0, 0, 0, 0, 0, 9, 5], [7, 9, 6, 0, 0, 1, 0, 0, 4], [5, 0, 2, 0, 9, 0, 7, 1, 6], [0, 6, 5, 9, 8, 0, 4, 3, 1], [0, 3, 1, 2, 4, 6, 5, 7, 9], [4, 7, 0, 1, 3, 5, 0, 6, 2]]",benchmark,8,True,False,0.03758,36,30,0.0423
Sudoku,Easy (30),1,A* (cells),1001,"[[0, 4, 0, 3, 0, 9, 6, 2, 0], [9, 5, 0, 0, 6, 0, 0, 4, 3], [6, 0, 3, 8, 0, 0, 9, 0, 0], [3, 1, 0, 0, 0, 0, 0, 9, 5], [7, 9, 6, 0, 0, 1, 0, 0, 4], [5, 0, 2, 0, 9, 0, 7, 1, 6], [0, 6, 5, 9, 8, 0, 4, 3, 1], [0, 3, 1, 2, 4, 6, 5, 7, 9], [4, 7, 0, 1, 3, 5, 0, 6, 2]]",benchmark,9,True,False,0.031356,36,30,0.0423
Sudoku,Easy (30),1,A* (srv),1001,"[[0, 4, 0, 3, 0, 9, 6, 2, 0], [9, 5, 0, 0, 6, 0, 0, 4, 3], [6, 0, 3, 8, 0, 0, 9, 0, 0], [3, 1, 0, 0, 0, 0, 0, 9, 5], [7, 9, 6, 0, 0, 1, 0, 0, 4], [5, 0, 2, 0, 9, 0, 7, 1, 6], [0, 6, 5, 9, 8, 0, 4, 3, 1], [0, 3, 1, 2, 4, 6, 5, 7, 9], [4, 7, 0, 1, 3, 5, 0, 6, 2]]",warmup,0,True,False,0.061763,46,30,0.0435
Sudoku,Easy (30),1,A* (srv),1001,"[[0, 4, 0, 3, 0, 9, 6, 2, 0], [9, 5, 0, 0, 6, 0, 0, 4, 3], [6, 0, 3, 8, 0, 0, 9, 0, 0], [3, 1, 0, 0, 0, 0, 0, 9, 5], [7, 9, 6, 0, 0, 1, 0, 0, 4], [5, 0, 2, 0, 9, 0, 7, 1, 6], [0, 6, 5, 9, 8, 0, 4, 3, 1], [0, 3, 1, 2, 4, 6, 5, 7, 9], [4, 7, 0, 1, 3, 5, 0, 6, 2]]",warmup,1,True,False,0.071081,46,30,0.041
Sudoku,Easy (30),1,A* (srv),1001,"[[0, 4, 0, 3, 0, 9, 6, 2, 0], [9, 5, 0, 0, 6, 0, 0, 4, 3], [6, 0, 3, 8, 0, 0, 9, 0, 0], [3, 1, 0, 0, 0, 0, 0, 9, 5], [7, 9, 6, 0, 0, 1, 0, 0, 4], [5, 0, 2, 0, 9, 0, 7, 1, 6], [0, 6, 5, 9, 8, 0, 4, 3, 1], [0, 3, 1, 2, 4, 6, 5, 7, 9], [4, 7, 0, 1, 3, 5, 0, 6, 2]]",benchmark,0,True,False,0.079379,46,30,0.041
Sudoku,Easy (30),1,A* (srv),1001,"[[0, 4, 0, 3, 0, 9, 6, 2, 0], [9, 5, 0, 0, 6, 0, 0, 4, 3], [6, 0, 3, 8, 0, 0, 9, 0, 0], [3, 1, 0, 0, 0, 0, 0, 9, 5], [7, 9, 6, 0, 0, 1, 0, 0, 4], [5, 0, 2, 0, 9, 0, 7, 1, 6], [0, 6, 5, 9, 8, 0, 4, 3, 1], [0, 3, 1, 2, 4, 6, 5, 7, 9], [4, 7, 0, 1, 3, 5, 0, 6, 2]]",benchmark,1,True,False,0.070349,46,30,0.041
Sudoku,Easy (30),1,A* (srv),1001,"[[0, 4, 0, 3, 0, 9, 6, 2, 0], [9, 5, 0, 0, 6, 0, 0, 4, 3], [6, 0, 3, 8, 0, 0, 9, 0, 0], [3, 1, 0, 0, 0, 0, 0, 9, 5], [7, 9, 6, 0, 0, 1, 0, 0, 4], [5, 0, 2, 0, 9, 0, 7, 1, 6], [0, 6, 5, 9, 8, 0, 4, 3, 1], [0, 3, 1, 2, 4, 6, 5, 7, 9], [4, 7, 0, 1, 3, 5, 0, 6, 2]]",benchmark,2,True,False,0.070255,46,30,0.041
Sudoku,Easy (30),1,A* (srv),1001,"[[0, 4, 0, 3, 0, 9, 6, 2, 0], [9, 5, 0, 0, 6, 0, 0, 4, 3], [6, 0, 3, 8, 0, 0, 9, 0, 0], [3, 1, 0, 0, 0, 0, 0, 9, 5], [7, 9, 6, 0, 0, 1, 0, 0, 4], [5, 0, 2, 0, 9, 0, 7, 1, 6], [0, 6, 5, 9, 8, 0, 4, 3, 1], [0, 3, 1, 2, 4, 6, 5, 7, 9], [4, 7, 0, 1, 3, 5, 0, 6, 2]]",benchmark,3,True,False,0.070809,46,30,0.041
Sudoku,Easy (30),1,A* (srv),1001,"[[0, 4, 0, 3, 0, 9, 6, 2, 0], [9, 5, 0, 0, 6, 0, 0, 4, 3], [6, 0, 3, 8, 0, 0, 9, 0, 0], [3, 1, 0, 0, 0, 0, 0, 9, 5], [7, 9, 6, 0, 0, 1, 0, 0, 4], [5, 0, 2, 0, 9, 0, 7, 1, 6], [0, 6, 5, 9, 8, 0, 4, 3, 1], [0, 3, 1, 2, 4, 6, 5, 7, 9], [4, 7, 0, 1, 3, 5, 0, 6, 2]]",benchmark,4,True,False,0.063255,46,30,0.041
Sudoku,Easy (30),1,A* (srv),1001,"[[0, 4, 0, 3, 0, 9, 6, 2, 0], [9, 5, 0, 0, 6, 0, 0, 4, 3], [6, 0, 3, 8, 0, 0, 9, 0, 0], [3, 1, 0, 0, 0, 0, 0, 9, 5], [7, 9, 6, 0, 0, 1, 0, 0, 4], [5, 0, 2, 0, 9, 0, 7, 1, 6], [0, 6, 5, 9, 8, 0, 4, 3, 1], [0, 3, 1, 2, 4, 6, 5, 7, 9], [4, 7, 0, 1, 3, 5, 0, 6, 2]]",benchmark,5,True,False,0.069565,46,30,0.041
Sudoku,Easy (30),1,A* (srv),1001,"[[0, 4, 0, 3, 0, 9, 6, 2, 0], [9, 5, 0, 0, 6, 0, 0, 4, 3], [6, 0, 3, 8, 0, 0, 9, 0, 0], [3, 1, 0, 0, 0, 0, 0, 9, 5], [7, 9, 6, 0, 0, 1, 0, 0, 4], [5, 0, 2, 0, 9, 0, 7, 1, 6], [0, 6, 5, 9, 8, 0, 4, 3, 1], [0, 3, 1, 2, 4, 6, 5, 7, 9], [4, 7, 0, 1, 3, 5, 0, 6, 2]]",benchmark,6,True,False,0.060298,46,30,0.041
Sudoku,Easy (30),1,A* (srv),1001,"[[0, 4, 0, 3, 0, 9, 6, 2, 0], [9, 5, 0, 0, 6, 0, 0, 4, 3], [6, 0, 3, 8, 0, 0, 9, 0, 0], [3, 1, 0, 0, 0, 0, 0, 9, 5], [7, 9, 6, 0, 0, 1, 0, 0, 4], [5, 0, 2, 0, 9, 0, 7, 1, 6], [0, 6, 5, 9, 8, 0, 4, 3, 1], [0, 3, 1, 2, 4, 6, 5, 7, 9], [4, 7, 0, 1, 3, 5, 0, 6, 2]]",benchmark,7,True,False,0.081055,46,30,0.041
Sudoku,Easy (30),1,A* (srv),1001,"[[0, 4, 0, 3, 0, 9, 6, 2, 0], [9, 5, 0, 0, 6, 0, 0, 4, 3], [6, 0, 3, 8, 0, 0, 9, 0, 0], [3, 1, 0, 0, 0, 0, 0, 9, 5], [7, 9, 6, 0, 0, 1, 0, 0, 4], [5, 0, 2, 0, 9, 0, 7, 1, 6], [0, 6, 5, 9, 8, 0, 4, 3, 1], [0, 3, 1, 2, 4, 6, 5, 7, 9], [4, 7, 0, 1, 3, 5, 0, 6, 2]]",benchmark,8,True,False,0.066565,46,30,0.041
Sudoku,Easy (30),1,A* (srv),1001,"[[0, 4, 0, 3, 0, 9, 6, 2, 0], [9, 5, 0, 0, 6, 0, 0, 4, 3], [6, 0, 3, 8, 0, 0, 9, 0, 0], [3, 1, 0, 0, 0, 0, 0, 9, 5], [7, 9, 6, 0, 0, 1, 0, 0, 4], [5, 0, 2, 0, 9, 0, 7, 1, 6], [0, 6, 5, 9, 8, 0, 4, 3, 1], [0, 3, 1, 2, 4, 6, 5, 7, 9], [4, 7, 0, 1, 3, 5, 0, 6, 2]]",benchmark,9,True,False,0.053016,46,30,0.041
Sudoku,Easy (30),1,A* (zero),1001,"[[0, 4, 0, 3, 0, 9, 6, 2, 0], [9, 5, 0, 0, 6, 0, 0, 4, 3], [6, 0, 3, 8, 0, 0, 9, 0, 0], [3, 1, 0, 0, 0, 0, 0, 9, 5], [7, 9, 6, 0, 0, 1, 0, 0, 4], [5, 0, 2, 0, 9, 0, 7, 1, 6], [0, 6, 5, 9, 8, 0, 4, 3, 1], [0, 3, 1, 2, 4, 6, 5, 7, 9], [4, 7, 0, 1, 3, 5, 0, 6, 2]]",warmup,0,True,False,0.049402,46,30,0.0436
Sudoku,Easy (30),1,A* (zero),1001,"[[0, 4, 0, 3, 0, 9, 6, 2, 0], [9, 5, 0, 0, 6, 0, 0, 4, 3], [6, 0, 3, 8, 0, 0, 9, 0, 0], [3, 1, 0, 0, 0, 0, 0, 9, 5], [7, 9, 6, 0, 0, 1, 0, 0, 4], [5, 0, 2, 0, 9, 0, 7, 1, 6], [0, 6, 5, 9, 8, 0, 4, 3, 1], [0, 3, 1, 2, 4, 6, 5, 7, 9], [4, 7, 0, 1, 3, 5, 0, 6, 2]]",warmup,1,True,False,0.058689,46,30,0.0408
Sudoku,Easy (30),1,A* (zero),1001,"[[0, 4, 0, 3, 0, 9, 6, 2, 0], [9, 5, 0, 0, 6, 0, 0, 4, 3], [6, 0, 3, 8, 0, 0, 9, 0, 0], [3, 1, 0, 0, 0, 0, 0, 9, 5], [7, 9, 6, 0, 0, 1, 0, 0, 4], [5, 0, 2, 0, 9, 0, 7, 1, 6], [0, 6, 5, 9, 8, 0, 4, 3, 1], [0, 3, 1, 2, 4, 6, 5, 7, 9], [4, 7, 0, 1, 3, 5, 0, 6, 2]]",benchmark,0,True,False,0.062368,46,30,0.0408
Sudoku,Easy (30),1,A* (zero),1001,"[[0, 4, 0, 3, 0, 9, 6, 2, 0], [9, 5, 0, 0, 6, 0, 0, 4, 3], [6, 0, 3, 8, 0, 0, 9, 0, 0], [3, 1, 0, 0, 0, 0, 0, 9, 5], [7, 9, 6, 0, 0, 1, 0, 0, 4], [5, 0, 2, 0, 9, 0, 7, 1, 6], [0, 6, 5, 9, 8, 0, 4, 3, 1], [0, 3, 1, 2, 4, 6, 5, 7, 9], [4, 7, 0, 1, 3, 5, 0, 6, 2]]",benchmark,1,True,False,0.057969,46,30,0.0408
Sudoku,Easy (30),1,A* (zero),1001,"[[0, 4, 0, 3, 0, 9, 6, 2, 0], [9, 5, 0, 0, 6, 0, 0, 4, 3], [6, 0, 3, 8, 0, 0, 9, 0, 0], [3, 1, 0, 0, 0, 0, 0, 9, 5], [7, 9, 6, 0, 0, 1, 0, 0, 4], [5, 0, 2, 0, 9, 0, 7, 1, 6], [0, 6, 5, 9, 8, 0, 4, 3, 1], [0, 3, 1, 2, 4, 6, 5, 7, 9], [4, 7, 0, 1, 3, 5, 0, 6, 2]]",benchmark,2,True,False,0.067382,46,30,0.0408
Sudoku,Easy (30),1,A* (zero),1001,"[[0, 4, 0, 3, 0, 9, 6, 2, 0], [9, 5, 0, 0, 6, 0, 0, 4, 3], [6, 0, 3, 8, 0, 0, 9, 0, 0], [3, 1, 0, 0, 0, 0, 0, 9, 5], [7, 9, 6, 0, 0, 1, 0, 0, 4], [5, 0, 2, 0, 9, 0, 7, 1, 6], [0, 6, 5, 9, 8, 0, 4, 3, 1], [0, 3, 1, 2, 4, 6, 5, 7, 9], [4, 7, 0, 1, 3, 5, 0, 6, 2]]",benchmark,3,True,False,0.070065,46,30,0.0408
Sudoku,Easy (30),1,A* (zero),1001,"[[0, 4, 0, 3, 0, 9, 6, 2, 0], [9, 5, 0, 0, 6, 0, 0, 4, 3], [6, 0, 3, 8, 0, 0, 9, 0, 0], [3, 1, 0, 0, 0, 0, 0, 9, 5], [7, 9, 6, 0, 0, 1, 0, 0, 4], [5, 0, 2, 0, 9, 0, 7, 1, 6], [0, 6, 5, 9, 8, 0, 4, 3, 1], [0, 3, 1, 2, 4, 6, 5, 7, 9], [4, 7, 0, 1, 3, 5, 0, 6, 2]]",benchmark,4,True,False,0.076123,46,30,0.0408
Sudoku,Easy (30),1,A* (zero),1001,"[[0, 4, 0, 3, 0, 9, 6, 2, 0], [9, 5, 0, 0, 6, 0, 0, 4, 3], [6, 0, 3, 8, 0, 0, 9, 0, 0], [3, 1, 0, 0, 0, 0, 0, 9, 5], [7, 9, 6, 0, 0, 1, 0, 0, 4], [5, 0, 2, 0, 9, 0, 7, 1, 6], [0, 6, 5, 9, 8, 0, 4, 3, 1], [0, 3, 1, 2, 4, 6, 5, 7, 9], [4, 7, 0, 1, 3, 5, 0, 6, 2]]",benchmark,5,True,False,0.075261,46,30,0.0408
Sudoku,Easy (30),1,A* (zero),1001,"[[0, 4, 0, 3, 0, 9, 6, 2, 0], [9, 5, 0, 0, 6, 0, 0, 4, 3], [6, 0, 3, 8, 0, 0, 9, 0, 0], [3, 1, 0, 0, 0, 0, 0, 9, 5], [7, 9, 6, 0, 0, 1, 0, 0, 4], [5, 0, 2, 0, 9, 0, 7, 1, 6], [0, 6, 5, 9, 8, 0, 4, 3, 1], [0, 3, 1, 2, 4, 6, 5, 7, 9], [4, 7, 0, 1, 3, 5, 0, 6, 2]]",benchmark,6,True,False,0.077863,46,30,0.0408
Sudoku,Easy (30),1,A* (zero),1001,"[[0, 4, 0, 3, 0, 9, 6, 2, 0], [9, 5, 0, 0, 6, 0, 0, 4, 3], [6, 0, 3, 8, 0, 0, 9, 0, 0], [3, 1, 0, 0, 0, 0, 0, 9, 5], [7, 9, 6, 0, 0, 1, 0, 0, 4], [5, 0, 2, 0, 9, 0, 7, 1, 6], [0, 6, 5, 9, 8, 0, 4, 3, 1], [0, 3, 1, 2, 4, 6, 5, 7, 9], [4, 7, 0, 1, 3, 5, 0, 6, 2]]",benchmark,7,True,False,0.042819,46,30,0.0408
Sudoku,Easy (30),1,A* (zero),1001,"[[0, 4, 0, 3, 0, 9, 6, 2, 0], [9, 5, 0, 0, 6, 0, 0, 4, 3], [6, 0, 3, 8, 0, 0, 9, 0, 0], [3, 1, 0, 0, 0, 0, 0, 9, 5], [7, 9, 6, 0, 0, 1, 0, 0, 4], [5, 0, 2, 0, 9, 0, 7, 1, 6], [0, 6, 5, 9, 8, 0, 4, 3, 1], [0, 3, 1, 2, 4, 6, 5, 7, 9], [4, 7, 0, 1, 3, 5, 0, 6, 2]]",benchmark,8,True,False,0.033289,46,30,0.0408
Sudoku,Easy (30),1,A* (zero),1001,"[[0, 4, 0, 3, 0, 9, 6, 2, 0], [9, 5, 0, 0, 6, 0, 0, 4, 3], [6, 0, 3, 8, 0, 0, 9, 0, 0], [3, 1, 0, 0, 0, 0, 0, 9, 5], [7, 9, 6, 0, 0, 1, 0, 0, 4], [5, 0, 2, 0, 9, 0, 7, 1, 6], [0, 6, 5, 9, 8, 0, 4, 3, 1], [0, 3, 1, 2, 4, 6, 5, 7, 9], [4, 7, 0, 1, 3, 5, 0, 6, 2]]",benchmark,9,True,False,0.030593,46,30,0.0408
Sudoku,Easy (30),2,DFS,1002,"[[0, 7, 0, 4, 0, 0, 0, 0, 1], [8, 0, 3, 9, 0, 1, 4, 7, 2], [5, 1, 4, 3, 2, 0, 0, 9, 6], [0, 0, 0, 0, 7, 5, 9, 0, 0], [3, 2, 0, 0, 9, 8, 7, 6, 4], [1, 9, 7, 6, 4, 0, 0, 8, 5], [0, 5, 9, 0, 6, 4, 0, 3, 7], [6, 4, 0, 7, 3, 9, 5, 2, 0], [0, 0, 0, 5, 1, 0, 6, 0, 9]]",warmup,0,True,False,0.022728,40,30,0.0396
Sudoku,Easy (30),2,DFS,1002,"[[0, 7, 0, 4, 0, 0, 0, 0, 1], [8, 0, 3, 9, 0, 1, 4, 7, 2], [5, 1, 4, 3, 2, 0, 0, 9, 6], [0, 0, 0, 0, 7, 5, 9, 0, 0], [3, 2, 0, 0, 9, 8, 7, 6, 4], [1, 9, 7, 6, 4, 0, 0, 8, 5], [0, 5, 9, 0, 6, 4, 0, 3, 7], [6, 4, 0, 7, 3, 9, 5, 2, 0], [0, 0, 0, 5, 1, 0, 6, 0, 9]]",warmup,1,True,False,0.021593,40,30,0.0368
Sudoku,Easy (30),2,DFS,1002,"[[0, 7, 0, 4, 0, 0, 0, 0, 1], [8, 0, 3, 9, 0, 1, 4, 7, 2], [5, 1, 4, 3, 2, 0, 0, 9, 6], [0, 0, 0, 0, 7, 5, 9, 0, 0], [3, 2, 0, 0, 9, 8, 7, 6, 4], [1, 9, 7, 6, 4, 0, 0, 8, 5], [0, 5, 9, 0, 6, 4, 0, 3, 7], [6, 4, 0, 7, 3, 9, 5, 2, 0], [0, 0, 0, 5, 1, 0, 6, 0, 9]]",benchmark,0,True,False,0.017492,40,30,0.0368
Sudoku,Easy (30),2,DFS,1002,"[[0, 7, 0, 4, 0, 0, 0, 0, 1], [8, 0, 3, 9, 0, 1, 4, 7, 2], [5, 1, 4, 3, 2, 0, 0, 9, 6], [0, 0, 0, 0, 7, 5, 9, 0, 0], [3, 2, 0, 0, 9, 8, 7, 6, 4], [1, 9, 7, 6, 4, 0, 0, 8, 5], [0, 5, 9, 0, 6, 4, 0, 3, 7], [6, 4, 0, 7, 3, 9, 5, 2, 0], [0, 0, 0, 5, 1, 0, 6, 0, 9]]",benchmark,1,True,False,0.009066,40,30,0.0368
Sudoku,Easy (30),2,DFS,1002,"[[0, 7, 0, 4, 0, 0, 0, 0, 1], [8, 0, 3, 9, 0, 1, 4, 7, 2], [5, 1, 4, 3, 2, 0, 0, 9, 6], [0, 0, 0, 0, 7, 5, 9, 0, 0], [3, 2, 0, 0, 9, 8, 7, 6, 4], [1, 9, 7, 6, 4, 0, 0, 8, 5], [0, 5, 9, 0, 6, 4, 0, 3, 7], [6, 4, 0, 7, 3, 9, 5, 2, 0], [0, 0, 0, 5, 1, 0, 6, 0, 9]]",benchmark,2,True,False,0.00933,40,30,0.0368
Sudoku,Easy (30),2,DFS,1002,"[[0, 7, 0, 4, 0, 0, 0, 0, 1], [8, 0, 3, 9, 0, 1, 4, 7, 2], [5, 1, 4, 3, 2, 0, 0, 9, 6], [0, 0, 0, 0, 7, 5, 9, 0, 0], [3, 2, 0, 0, 9, 8, 7, 6, 4], [1, 9, 7, 6, 4, 0, 0, 8, 5], [0, 5, 9, 0, 6, 4, 0, 3, 7], [6, 4, 0, 7, 3, 9, 5, 2, 0], [0, 0, 0, 5, 1, 0, 6, 0, 9]]",benchmark,3,True,False,0.015011,40,30,0.0368
Sudoku,Easy (30),2,DFS,1002,"[[0, 7, 0, 4, 0, 0, 0, 0, 1], [8, 0, 3, 9, 0, 1, 4, 7, 2], [5, 1, 4, 3, 2, 0, 0, 9, 6], [0, 0, 0, 0, 7, 5, 9, 0, 0], [3, 2, 0, 0, 9, 8, 7, 6, 4], [1, 9, 7, 6, 4, 0, 0, 8, 5], [0, 5, 9, 0, 6, 4, 0, 3, 7], [6, 4, 0, 7, 3, 9, 5, 2, 0], [0, 0, 0, 5, 1, 0, 6, 0, 9]]",benchmark,4,True,False,0.014199,40,30,0.0368
Sudoku,Easy (30),2,DFS,1002,"[[0, 7, 0, 4, 0, 0, 0, 0, 1], [8, 0, 3, 9, 0, 1, 4, 7, 2], [5, 1, 4, 3, 2, 0, 0, 9, 6], [0, 0, 0, 0, 7, 5, 9, 0, 0], [3, 2, 0, 0, 9, 8, 7, 6, 4], [1, 9, 7, 6, 4, 0, 0, 8, 5], [0, 5, 9, 0, 6, 4, 0, 3, 7], [6, 4, 0, 7, 3, 9, 5, 2, 0], [0, 0, 0, 5, 1, 0, 6, 0, 9]]",benchmark,5,True,False,0.011282,40,30,0.0368
Sudoku,Easy (30),2,DFS,1002,"[[0, 7, 0, 4, 0, 0, 0, 0, 1], [8, 0, 3, 9, 0, 1, 4, 7, 2], [5, 1, 4, 3, 2, 0, 0, 9, 6], [0, 0, 0, 0, 7, 5, 9, 0, 0], [3, 2, 0, 0, 9, 8, 7, 6, 4], [1, 9, 7, 6, 4, 0, 0, 8, 5], [0, 5, 9, 0, 6, 4, 0, 3, 7], [6, 4, 0, 7, 3, 9, 5, 2, 0], [0, 0, 0, 5, 1, 0, 6, 0, 9]]",benchmark,6,True,False,0.013147,40,30,0.0368
Sudoku,Easy (30),2,DFS,1002,"[[0, 7, 0, 4, 0, 0, 0, 0, 1], [8, 0, 3, 9, 0, 1, 4, 7, 2], [5, 1, 4, 3, 2, 0, 0, 9, 6], [0, 0, 0, 0, 7, 5, 9, 0, 0], [3, 2, 0, 0, 9, 8, 7, 6, 4], [1, 9, 7, 6, 4, 0, 0, 8, 5], [0, 5, 9, 0, 6, 4, 0, 3, 7], [6, 4, 0, 7, 3, 9, 5, 2, 0], [0, 0, 0, 5, 1, 0, 6, 0, 9]]",benchmark,7,True,False,0.012831,40,30,0.0368
Sudoku,Easy (30),2,DFS,1002,"[[0, 7, 0, 4, 0, 0, 0, 0, 1], [8, 0, 3, 9, 0, 1, 4, 7, 2], [5, 1, 4, 3, 2, 0, 0, 9, 6], [0, 0, 0, 0, 7, 5, 9, 0, 0], [3, 2, 0, 0, 9, 8, 7, 6, 4], [1, 9, 7, 6, 4, 0, 0, 8, 5], [0, 5, 9, 0, 6, 4, 0, 3, 7], [6, 4, 0, 7, 3, 9, 5, 2, 0], [0, 0, 0, 5, 1, 0, 6, 0, 9]]",benchmark,8,True,False,0.010296,40,30,0.0368
Sudoku,Easy (30),2,DFS,1002,"[[0, 7, 0, 4, 0, 0, 0, 0, 1], [8, 0, 3, 9, 0, 1, 4, 7, 2], [5, 1, 4, 3, 2, 0, 0, 9, 6], [0, 0, 0, 0, 7, 5, 9, 0, 0], [3, 2, 0, 0, 9, 8, 7, 6, 4], [1, 9, 7, 6, 4, 0, 0, 8, 5], [0, 5, 9, 0, 6, 4, 0, 3, 7], [6, 4, 0, 7, 3, 9, 5, 2, 0], [0, 0, 0, 5, 1, 0, 6, 0, 9]]",benchmark,9,True,False,0.009937,40,30,0.0368
Sudoku,Easy (30),2,A* (mrv),1002,"[[0, 7, 0, 4, 0, 0, 0, 0, 1], [8, 0, 3, 9, 0, 1, 4, 7, 2], [5, 1, 4, 3, 2, 0, 0, 9, 6], [0, 0, 0, 0, 7, 5, 9, 0, 0], [3, 2, 0, 0, 9, 8, 7, 6, 4], [1, 9, 7, 6, 4, 0, 0, 8, 5], [0, 5, 9, 0, 6, 4, 0, 3, 7], [6, 4, 0, 7, 3, 9, 5, 2, 0], [0, 0, 0, 5, 1, 0, 6, 0, 9]]",warmup,0,True,False,0.0675,31,30,0.0425
Sudoku,Easy (30),2,A* (mrv),1002,"[[0, 7, 0, 4, 0, 0, 0, 0, 1], [8, 0, 3, 9, 0, 1, 4, 7, 2], [5, 1, 4, 3, 2, 0, 0, 9, 6], [0, 0, 0, 0, 7, 5, 9, 0, 0], [3, 2, 0, 0, 9, 8, 7, 6, 4], [1, 9, 7, 6, 4, 0, 0, 8, 5], [0, 5, 9, 0, 6, 4, 0, 3, 7], [6, 4, 0, 7, 3, 9, 5, 2, 0], [0, 0, 0, 5, 1, 0, 6, 0, 9]]",warmup,1,True,False,0.055853,31,30,0.0385
Sudoku,Easy (30),2,A* (mrv),1002,"[[0, 7, 0, 4, 0, 0, 0, 0, 1], [8, 0, 3, 9, 0, 1, 4, 7, 2], [5, 1, 4, 3, 2, 0, 0, 9, 6], [0, 0, 0, 0, 7, 5, 9, 0, 0], [3, 2, 0, 0, 9, 8, 7, 6, 4], [1, 9, 7, 6, 4, 0, 0, 8, 5], [0, 5, 9, 0, 6, 4, 0, 3, 7], [6, 4, 0, 7, 3, 9, 5, 2, 0], [0, 0, 0, 5, 1, 0, 6, 0, 9]]",benchmark,0,True,False,0.079588,31,30,0.0385
Sudoku,Easy (30),2,A* (mrv),1002,"[[0, 7, 0, 4, 0, 0, 0, 0, 1], [8, 0, 3, 9, 0, 1, 4, 7, 2], [5, 1, 4, 3, 2, 0, 0, 9, 6], [0, 0, 0, 0, 7, 5, 9, 0, 0], [3, 2, 0, 0, 9, 8, 7, 6, 4], [1, 9, 7, 6, 4, 0, 0, 8, 5], [0, 5, 9, 0, 6, 4, 0, 3, 7], [6, 4, 0, 7, 3, 9, 5, 2, 0], [0, 0, 0, 5, 1, 0, 6, 0, 9]]",benchmark,1,True,False,0.073922,31,30,0.0385
Sudoku,Easy (30),2,A* (mrv),1002,"[[0, 7, 0, 4, 0, 0, 0, 0, 1], [8, 0, 3, 9, 0, 1, 4, 7, 2], [5, 1, 4, 3, 2, 0, 0, 9, 6], [0, 0, 0, 0, 7, 5, 9, 0, 0], [3, 2, 0, 0, 9, 8, 7, 6, 4], [1, 9, 7, 6, 4, 0, 0, 8, 5], [0, 5, 9, 0, 6, 4, 0, 3, 7], [6, 4, 0, 7, 3, 9, 5, 2, 0], [0, 0, 0, 5, 1, 0, 6, 0, 9]]",benchmark,2,True,False,0.053613,31,30,0.0385
Sudoku,Easy (30),2,A* (mrv),1002,"[[0, 7, 0, 4, 0, 0, 0, 0, 1], [8, 0, 3, 9, 0, 1, 4, 7, 2], [5, 1, 4, 3, 2, 0, 0, 9, 6], [0, 0, 0, 0, 7, 5, 9, 0, 0], [3, 2, 0, 0, 9, 8, 7, 6, 4], [1, 9, 7, 6, 4, 0, 0, 8, 5], [0, 5, 9, 0, 6, 4, 0, 3, 7], [6, 4, 0, 7, 3, 9, 5, 2, 0], [0, 0, 0, 5, 1, 0, 6, 0, 9]]",benchmark,3,True,False,0.059349,31,30,0.0385
Sudoku,Easy (30),2,A* (mrv),1002,"[[0, 7, 0, 4, 0, 0, 0, 0, 1], [8, 0, 3, 9, 0, 1, 4, 7, 2], [5, 1, 4, 3, 2, 0, 0, 9, 6], [0, 0, 0, 0, 7, 5, 9, 0, 0], [3, 2, 0, 0, 9, 8, 7, 6, 4], [1, 9, 7, 6, 4, 0, 0, 8, 5], [0, 5, 9, 0, 6, 4, 0, 3, 7], [6, 4, 0, 7, 3, 9, 5, 2, 0], [0, 0, 0, 5, 1, 0, 6, 0, 9]]",benchmark,4,True,False,0.069045,31,30,0.0385
Sudoku,Easy (30),2,A* (mrv),1002,"[[0, 7, 0, 4, 0, 0, 0, 0, 1], [8, 0, 3, 9, 0, 1, 4, 7, 2], [5, 1, 4, 3, 2, 0, 0, 9, 6], [0, 0, 0, 0, 7, 5, 9, 0, 0], [3, 2, 0, 0, 9, 8, 7, 6, 4], [1, 9, 7, 6, 4, 0, 0, 8, 5], [0, 5, 9, 0, 6, 4, 0, 3, 7], [6, 4, 0, 7, 3, 9, 5, 2, 0], [0, 0, 0, 5, 1, 0, 6, 0, 9]]",benchmark,5,True,False,0.074315,31,30,0.0385
Sudoku,Easy (30),2,A* (mrv),1002,"[[0, 7, 0, 4, 0, 0, 0, 0, 1], [8, 0, 3, 9, 0, 1, 4, 7, 2], [5, 1, 4, 3, 2, 0, 0, 9, 6], [0, 0, 0, 0, 7, 5, 9, 0, 0], [3, 2, 0, 0, 9, 8, 7, 6, 4], [1, 9, 7, 6, 4, 0, 0, 8, 5], [0, 5, 9, 0, 6, 4, 0, 3, 7], [6, 4, 0, 7, 3, 9, 5, 2, 0], [0, 0, 0, 5, 1, 0, 6, 0, 9]]",benchmark,6,True,False,0.078557,31,30,0.0385
Sudoku,Easy (30),2,A* (mrv),1002,"[[0, 7, 0, 4, 0, 0, 0, 0, 1], [8, 0, 3, 9, 0, 1, 4, 7, 2], [5, 1, 4, 3, 2, 0, 0, 9, 6], [0, 0, 0, 0, 7, 5, 9, 0, 0], [3, 2, 0, 0, 9, 8, 7, 6, 4], [1, 9, 7, 6, 4, 0, 0, 8, 5], [0, 5, 9, 0, 6, 4, 0, 3, 7], [6, 4, 0, 7, 3, 9, 5, 2, 0], [0, 0, 0, 5, 1, 0, 6, 0, 9]]",benchmark,7,True,False,0.082884,31,30,0.0385
Sudoku,Easy (30),2,A* (mrv),1002,"[[0, 7, 0, 4, 0, 0, 0, 0, 1], [8, 0, 3, 9, 0, 1, 4, 7, 2], [5, 1, 4, 3, 2, 0, 0, 9, 6], [0, 0, 0, 0, 7, 5, 9, 0, 0], [3, 2, 0, 0, 9, 8, 7, 6, 4], [1, 9, 7, 6, 4, 0, 0, 8, 5], [0, 5, 9, 0, 6, 4, 0, 3, 7], [6, 4, 0, 7, 3, 9, 5, 2, 0], [0, 0, 0, 5, 1, 0, 6, 0, 9]]",benchmark,8,True,False,0.066375,31,30,0.0385
Sudoku,Easy (30),2,A* (mrv),1002,"[[0, 7, 0, 4, 0, 0, 0, 0, 1], [8, 0, 3, 9, 0, 1, 4, 7, 2], [5, 1, 4, 3, 2, 0, 0, 9, 6], [0, 0, 0, 0, 7, 5, 9, 0, 0], [3, 2, 0, 0, 9, 8, 7, 6, 4], [1, 9, 7, 6, 4, 0, 0, 8, 5], [0, 5, 9, 0, 6, 4, 0, 3, 7], [6, 4, 0, 7, 3, 9, 5, 2, 0], [0, 0, 0, 5, 1, 0, 6, 0, 9]]",benchmark,9,True,False,0.041507,31,30,0.0385
Sudoku,Easy (30),2,A* (cells),1002,"[[0, 7, 0, 4, 0, 0, 0, 0, 1], [8, 0, 3, 9, 0, 1, 4, 7, 2], [5, 1, 4, 3, 2, 0, 0, 9, 6], [0, 0, 0, 0, 7, 5, 9, 0, 0], [3, 2, 0, 0, 9, 8, 7, 6, 4], [1, 9, 7, 6, 4, 0, 0, 8, 5], [0, 5, 9, 0, 6, 4, 0, 3, 7], [6, 4, 0, 7, 3, 9, 5, 2, 0], [0, 0, 0, 5, 1, 0, 6, 0, 9]]",warmup,0,True,False,0.04463,40,30,0.0444
Sudoku,Easy (30),2,A* (cells),1002,"[[0, 7, 0, 4, 0, 0, 0, 0, 1], [8, 0, 3, 9, 0, 1, 4, 7, 2], [5, 1, 4, 3, 2, 0, 0, 9, 6], [0, 0, 0, 0, 7, 5, 9, 0, 0], [3, 2, 0, 0, 9, 8, 7, 6, 4], [1, 9, 7, 6, 4, 0, 0, 8, 5], [0, 5, 9, 0, 6, 4, 0, 3, 7], [6, 4, 0, 7, 3, 9, 5, 2, 0], [0, 0, 0, 5, 1, 0, 6, 0, 9]]",warmup,1,True,False,0.067118,40,30,0.0415
Sudoku,Easy (30),2,A* (cells),1002,"[[0, 7, 0, 4, 0, 0, 0, 0, 1], [8, 0, 3, 9, 0, 1, 4, 7, 2], [5, 1, 4, 3, 2, 0, 0, 9, 6], [0, 0, 0, 0, 7, 5, 9, 0, 0], [3, 2, 0, 0, 9, 8, 7, 6, 4], [1, 9, 7, 6, 4, 0, 0, 8, 5], [0, 5, 9, 0, 6, 4, 0, 3, 7], [6, 4, 0, 7, 3, 9, 5, 2, 0], [0, 0, 0, 5, 1, 0, 6, 0, 9]]",benchmark,0,True,False,0.064648,40,30,0.0415
Sudoku,Easy (30),2,A* (cells),1002,"[[0, 7, 0, 4, 0, 0, 0, 0, 1], [8, 0, 3, 9, 0, 1, 4, 7, 2], [5, 1, 4, 3, 2, 0, 0, 9, 6], [0, 0, 0, 0, 7, 5, 9, 0, 0], [3, 2, 0, 0, 9, 8, 7, 6, 4], [1, 9, 7, 6, 4, 0, 0, 8, 5], [0, 5, 9, 0, 6, 4, 0, 3, 7], [6, 4, 0, 7, 3, 9, 5, 2, 0], [0, 0, 0, 5, 1, 0, 6, 0, 9]]",benchmark,1,True,False,0.064368,40,30,0.0415
Sudoku,Easy (30),2,A* (cells),1002,"[[0, 7, 0, 4, 0, 0, 0, 0, 1], [8, 0, 3, 9, 0, 1, 4, 7, 2], [5, 1, 4, 3, 2, 0, 0, 9, 6], [0, 0, 0, 0, 7, 5, 9, 0, 0], [3, 2, 0, 0, 9, 8, 7, 6, 4], [1, 9, 7, 6, 4, 0, 0, 8, 5], [0, 5, 9, 0, 6, 4, 0, 3, 7], [6, 4, 0, 7, 3, 9, 5, 2, 0], [0, 0, 0, 5, 1, 0, 6, 0, 9]]",benchmark,2,True,False,0.074625,40,30,0.0415
Sudoku,Easy (30),2,A* (cells),1002,"[[0, 7, 0, 4, 0, 0, 0, 0, 1], [8, 0, 3, 9, 0, 1, 4, 7, 2], [5, 1, 4, 3, 2, 0, 0, 9, 6], [0, 0, 0, 0, 7, 5, 9, 0, 0], [3, 2, 0, 0, 9, 8, 7, 6, 4], [1, 9, 7, 6, 4, 0, 0, 8, 5], [0, 5, 9, 0, 6, 4, 0, 3, 7], [6, 4, 0, 7, 3, 9, 5, 2, 0], [0, 0, 0, 5, 1, 0, 6, 0, 9]]",benchmark,3,True,False,0.074913,40,30,0.0415
Sudoku,Easy (30),2,A* (cells),1002,"[[0, 7, 0, 4, 0, 0, 0, 0, 1], [8, 0, 3, 9, 0, 1, 4, 7, 2], [5, 1, 4, 3, 2, 0, 0, 9, 6], [0, 0, 0, 0, 7, 5, 9, 0, 0], [3, 2, 0, 0, 9, 8, 7, 6, 4], [1, 9, 7, 6, 4, 0, 0, 8, 5], [0, 5, 9, 0, 6, 4, 0, 3, 7], [6, 4, 0, 7, 3, 9, 5, 2, 0], [0, 0, 0, 5, 1, 0, 6, 0, 9]]",benchmark,4,True,False,0.073128,40,30,0.0415
Sudoku,Easy (30),2,A* (cells),1002,"[[0, 7, 0, 4, 0, 0, 0, 0, 1], [8, 0, 3, 9, 0, 1, 4, 7, 2], [5, 1, 4, 3, 2, 0, 0, 9, 6], [0, 0, 0, 0, 7, 5, 9, 0, 0], [3, 2, 0, 0, 9, 8, 7, 6, 4], [1, 9, 7, 6, 4, 0, 0, 8, 5], [0, 5, 9, 0, 6, 4, 0, 3, 7], [6, 4, 0, 7, 3, 9, 5, 2, 0], [0, 0, 0, 5, 1, 0, 6, 0, 9]]",benchmark,5,True,False,0.071619,40,30,0.0415
Sudoku,Easy (30),2,A* (cells),1002,"[[0, 7, 0, 4, 0, 0, 0, 0, 1], [8, 0, 3, 9, 0, 1, 4, 7, 2], [5, 1, 4, 3, 2, 0, 0, 9, 6], [0, 0, 0, 0, 7, 5, 9, 0, 0], [3, 2, 0, 0, 9, 8, 7, 6, 4], [1, 9, 7, 6, 4, 0, 0, 8, 5], [0, 5, 9, 0, 6, 4, 0, 3, 7], [6, 4, 0, 7, 3, 9, 5, 2, 0], [0, 0, 0, 5, 1, 0, 6, 0, 9]]",benchmark,6,True,False,0.082927,40,30,0.0415
Sudoku,Easy (30),2,A* (cells),1002,"[[0, 7, 0, 4, 0, 0, 0, 0, 1], [8, 0, 3, 9, 0, 1, 4, 7, 2], [5, 1, 4, 3, 2, 0, 0, 9, 6], [0, 0, 0, 0, 7, 5, 9, 0, 0], [3, 2, 0, 0, 9, 8, 7, 6, 4], [1, 9, 7, 6, 4, 0, 0, 8, 5], [0, 5, 9, 0, 6, 4, 0, 3, 7], [6, 4, 0, 7, 3, 9, 5, 2, 0], [0, 0, 0, 5, 1, 0, 6, 0, 9]]",benchmark,7,True,False,0.065031,40,30,0.0415
Sudoku,Easy (30),2,A* (cells),1002,"[[0, 7, 0, 4, 0, 0, 0, 0, 1], [8, 0, 3, 9, 0, 1, 4, 7, 2], [5, 1, 4, 3, 2, 0, 0, 9, 6], [0, 0, 0, 0, 7, 5, 9, 0, 0], [3, 2, 0, 0, 9, 8, 7, 6, 4], [1, 9, 7, 6, 4, 0, 0, 8, 5], [0, 5, 9, 0, 6, 4, 0, 3, 7], [6, 4, 0, 7, 3, 9, 5, 2, 0], [0, 0, 0, 5, 1, 0, 6, 0, 9]]",benchmark,8,True,False,0.02609,40,30,0.0415
Sudoku,Easy (30),2,A* (cells),1002,"[[0, 7, 0, 4, 0, 0, 0, 0, 1], [8, 0, 3, 9, 0, 1, 4, 7, 2], [5, 1, 4, 3, 2, 0, 0, 9, 6], [0, 0, 0, 0, 7, 5, 9, 0, 0], [3, 2, 0, 0, 9, 8, 7, 6, 4], [1, 9, 7, 6, 4, 0, 0, 8, 5], [0, 5, 9, 0, 6, 4, 0, 3, 7], [6, 4, 0, 7, 3, 9, 5, 2, 0], [0, 0, 0, 5, 1, 0, 6, 0, 9]]",benchmark,9,True,False,0.021027,40,30,0.0415
Sudoku,Easy (30),2,A* (srv),1002,"[[0, 7, 0, 4, 0, 0, 0, 0, 1], [8, 0, 3, 9, 0, 1, 4, 7, 2], [5, 1, 4, 3, 2, 0, 0, 9, 6], [0, 0, 0, 0, 7, 5, 9, 0, 0], [3, 2, 0, 0, 9, 8, 7, 6, 4], [1, 9, 7, 6, 4, 0, 0, 8, 5], [0, 5, 9, 0, 6, 4, 0, 3, 7], [6, 4, 0, 7, 3, 9, 5, 2, 0], [0, 0, 0, 5, 1, 0, 6, 0, 9]]",warmup,0,True,False,0.087876,44,30,0.0429
Sudoku,Easy (30),2,A* (srv),1002,"[[0, 7, 0, 4, 0, 0, 0, 0, 1], [8, 0, 3, 9, 0, 1, 4, 7, 2], [5, 1, 4, 3, 2, 0, 0, 9, 6], [0, 0, 0, 0, 7, 5, 9, 0, 0], [3, 2, 0, 0, 9, 8, 7, 6, 4], [1, 9, 7, 6, 4, 0, 0, 8, 5], [0, 5, 9, 0, 6, 4, 0, 3, 7], [6, 4, 0, 7, 3, 9, 5, 2, 0], [0, 0, 0, 5, 1, 0, 6, 0, 9]]",warmup,1,True,False,0.080364,44,30,0.0407
Sudoku,Easy (30),2,A* (srv),1002,"[[0, 7, 0, 4, 0, 0, 0, 0, 1], [8, 0, 3, 9, 0, 1, 4, 7, 2], [5, 1, 4, 3, 2, 0, 0, 9, 6], [0, 0, 0, 0, 7, 5, 9, 0, 0], [3, 2, 0, 0, 9, 8, 7, 6, 4], [1, 9, 7, 6, 4, 0, 0, 8, 5], [0, 5, 9, 0, 6, 4, 0, 3, 7], [6, 4, 0, 7, 3, 9, 5, 2, 0], [0, 0, 0, 5, 1, 0, 6, 0, 9]]",benchmark,0,True,False,0.099801,44,30,0.0407
Sudoku,Easy (30),2,A* (srv),1002,"[[0, 7, 0, 4, 0, 0, 0, 0, 1], [8, 0, 3, 9, 0, 1, 4, 7, 2], [5, 1, 4, 3, 2, 0, 0, 9, 6], [0, 0, 0, 0, 7, 5, 9, 0, 0], [3, 2, 0, 0, 9, 8, 7, 6, 4], [1, 9, 7, 6, 4, 0, 0, 8, 5], [0, 5, 9, 0, 6, 4, 0, 3, 7], [6, 4, 0, 7, 3, 9, 5, 2, 0], [0, 0, 0, 5, 1, 0, 6, 0, 9]]",benchmark,1,True,False,0.069306,44,30,0.0407
Sudoku,Easy (30),2,A* (srv),1002,"[[0, 7, 0, 4, 0, 0, 0, 0, 1], [8, 0, 3, 9, 0, 1, 4, 7, 2], [5, 1, 4, 3, 2, 0, 0, 9, 6], [0, 0, 0, 0, 7, 5, 9, 0, 0], [3, 2, 0, 0, 9, 8, 7, 6, 4], [1, 9, 7, 6, 4, 0, 0, 8, 5], [0, 5, 9, 0, 6, 4, 0, 3, 7], [6, 4, 0, 7, 3, 9, 5, 2, 0], [0, 0, 0, 5, 1, 0, 6, 0, 9]]",benchmark,2,True,False,0.082586,44,30,0.0407
Sudoku,Easy (30),2,A* (srv),1002,"[[0, 7, 0, 4, 0, 0, 0, 0, 1], [8, 0, 3, 9, 0, 1, 4, 7, 2], [5, 1, 4, 3, 2, 0, 0, 9, 6], [0, 0, 0, 0, 7, 5, 9, 0, 0], [3, 2, 0, 0, 9, 8, 7, 6, 4], [1, 9, 7, 6, 4, 0, 0, 8, 5], [0, 5, 9, 0, 6, 4, 0, 3, 7], [6, 4, 0, 7, 3, 9, 5, 2, 0], [0, 0, 0, 5, 1, 0, 6, 0, 9]]",benchmark,3,True,False,0.065989,44,30,0.0407
Sudoku,Easy (30),2,A* (srv),1002,"[[0, 7, 0, 4, 0, 0, 0, 0, 1], [8, 0, 3, 9, 0, 1, 4, 7, 2], [5, 1, 4, 3, 2, 0, 0, 9, 6], [0, 0, 0, 0, 7, 5, 9, 0, 0], [3, 2, 0, 0, 9, 8, 7, 6, 4], [1, 9, 7, 6, 4, 0, 0, 8, 5], [0, 5, 9, 0, 6, 4, 0, 3, 7], [6, 4, 0, 7, 3, 9, 5, 2, 0], [0, 0, 0, 5, 1, 0, 6, 0, 9]]",benchmark,4,True,False,0.059456,44,30,0.0407
Sudoku,Easy (30),2,A* (srv),1002,"[[0, 7, 0, 4, 0, 0, 0, 0, 1], [8, 0, 3, 9, 0, 1, 4, 7, 2], [5, 1, 4, 3, 2, 0, 0, 9, 6], [0, 0, 0, 0, 7, 5, 9, 0, 0], [3, 2, 0, 0, 9, 8, 7, 6, 4], [1, 9, 7, 6, 4, 0, 0, 8, 5], [0, 5, 9, 0, 6, 4, 0, 3, 7], [6, 4, 0, 7, 3, 9, 5, 2, 0], [0, 0, 0, 5, 1, 0, 6, 0, 9]]",benchmark,5,True,False,0.095186,44,30,0.0407
Sudoku,Easy (30),2,A* (srv),1002,"[[0, 7, 0, 4, 0, 0, 0, 0, 1], [8, 0, 3, 9, 0, 1, 4, 7, 2], [5, 1, 4, 3, 2, 0, 0, 9, 6], [0, 0, 0, 0, 7, 5, 9, 0, 0], [3, 2, 0, 0, 9, 8, 7, 6, 4], [1, 9, 7, 6, 4, 0, 0, 8, 5], [0, 5, 9, 0, 6, 4, 0, 3, 7], [6, 4, 0, 7, 3, 9, 5, 2, 0], [0, 0, 0, 5, 1, 0, 6, 0, 9]]",benchmark,6,True,False,0.085371,44,30,0.0407
Sudoku,Easy (30),2,A* (srv),1002,"[[0, 7, 0, 4, 0, 0, 0, 0, 1], [8, 0, 3, 9, 0, 1, 4, 7, 2], [5, 1, 4, 3, 2, 0, 0, 9, 6], [0, 0, 0, 0, 7, 5, 9, 0, 0], [3, 2, 0, 0, 9, 8, 7, 6, 4], [1, 9, 7, 6, 4, 0, 0, 8, 5], [0, 5, 9, 0, 6, 4, 0, 3, 7], [6, 4, 0, 7, 3, 9, 5, 2, 0], [0, 0, 0, 5, 1, 0, 6, 0, 9]]",benchmark,7,True,False,0.083202,44,30,0.0407
Sudoku,Easy (30),2,A* (srv),1002,"[[0, 7, 0, 4, 0, 0, 0, 0, 1], [8, 0, 3, 9, 0, 1, 4, 7, 2], [5, 1, 4, 3, 2, 0, 0, 9, 6], [0, 0, 0, 0, 7, 5, 9, 0, 0], [3, 2, 0, 0, 9, 8, 7, 6, 4], [1, 9, 7, 6, 4, 0, 0, 8, 5], [0, 5, 9, 0, 6, 4, 0, 3, 7], [6, 4, 0, 7, 3, 9, 5, 2, 0], [0, 0, 0, 5, 1, 0, 6, 0, 9]]",benchmark,8,True,False,0.060272,44,30,0.0407
Sudoku,Easy (30),2,A* (srv),1002,"[[0, 7, 0, 4, 0, 0, 0, 0, 1], [8, 0, 3, 9, 0, 1, 4, 7, 2], [5, 1, 4, 3, 2, 0, 0, 9, 6], [0, 0, 0, 0, 7, 5, 9, 0, 0], [3, 2, 0, 0, 9, 8, 7, 6, 4], [1, 9, 7, 6, 4, 0, 0, 8, 5], [0, 5, 9, 0, 6, 4, 0, 3, 7], [6, 4, 0, 7, 3, 9, 5, 2, 0], [0, 0, 0, 5, 1, 0, 6, 0, 9]]",benchmark,9,True,False,0.071599,44,30,0.0407
Sudoku,Easy (30),2,A* (zero),1002,"[[0, 7, 0, 4, 0, 0, 0, 0, 1], [8, 0, 3, 9, 0, 1, 4, 7, 2], [5, 1, 4, 3, 2, 0, 0, 9, 6], [0, 0, 0, 0, 7, 5, 9, 0, 0], [3, 2, 0, 0, 9, 8, 7, 6, 4], [1, 9, 7, 6, 4, 0, 0, 8, 5], [0, 5, 9, 0, 6, 4, 0, 3, 7], [6, 4, 0, 7, 3, 9, 5, 2, 0], [0, 0, 0, 5, 1, 0, 6, 0, 9]]",warmup,0,True,False,0.058771,44,30,0.0429
Sudoku,Easy (30),2,A* (zero),1002,"[[0, 7, 0, 4, 0, 0, 0, 0, 1], [8, 0, 3, 9, 0, 1, 4, 7, 2], [5, 1, 4, 3, 2, 0, 0, 9, 6], [0, 0, 0, 0, 7, 5, 9, 0, 0], [3, 2, 0, 0, 9, 8, 7, 6, 4], [1, 9, 7, 6, 4, 0, 0, 8, 5], [0, 5, 9, 0, 6, 4, 0, 3, 7], [6, 4, 0, 7, 3, 9, 5, 2, 0], [0, 0, 0, 5, 1, 0, 6, 0, 9]]",warmup,1,True,False,0.071937,44,30,0.0406
Sudoku,Easy (30),2,A* (zero),1002,"[[0, 7, 0, 4, 0, 0, 0, 0, 1], [8, 0, 3, 9, 0, 1, 4, 7, 2], [5, 1, 4, 3, 2, 0, 0, 9, 6], [0, 0, 0, 0, 7, 5, 9, 0, 0], [3, 2, 0, 0, 9, 8, 7, 6, 4], [1, 9, 7, 6, 4, 0, 0, 8, 5], [0, 5, 9, 0, 6, 4, 0, 3, 7], [6, 4, 0, 7, 3, 9, 5, 2, 0], [0, 0, 0, 5, 1, 0, 6, 0, 9]]",benchmark,0,True,False,0.081777,44,30,0.0406
Sudoku,Easy (30),2,A* (zero),1002,"[[0, 7, 0, 4, 0, 0, 0, 0, 1], [8, 0, 3, 9, 0, 1, 4, 7, 2], [5, 1, 4, 3, 2, 0, 0, 9, 6], [0, 0, 0, 0, 7, 5, 9, 0, 0], [3, 2, 0, 0, 9, 8, 7, 6, 4], [1, 9, 7, 6, 4, 0, 0, 8, 5], [0, 5, 9, 0, 6, 4, 0, 3, 7], [6, 4, 0, 7, 3, 9, 5, 2, 0], [0, 0, 0, 5, 1, 0, 6, 0, 9]]",benchmark,1,True,False,0.077334,44,30,0.0406
Sudoku,Easy (30),2,A* (zero),1002,"[[0, 7, 0, 4, 0, 0, 0, 0, 1], [8, 0, 3, 9, 0, 1, 4, 7, 2], [5, 1, 4, 3, 2, 0, 0, 9, 6], [0, 0, 0, 0, 7, 5, 9, 0, 0], [3, 2, 0, 0, 9, 8, 7, 6, 4], [1, 9, 7, 6, 4, 0, 0, 8, 5], [0, 5, 9, 0, 6, 4, 0, 3, 7], [6, 4, 0, 7, 3, 9, 5, 2, 0], [0, 0, 0, 5, 1, 0, 6, 0, 9]]",benchmark,2,True,False,0.076748,44,30,0.0406
Sudoku,Easy (30),2,A* (zero),1002,"[[0, 7, 0, 4, 0, 0, 0, 0, 1], [8, 0, 3, 9, 0, 1, 4, 7, 2], [5, 1, 4, 3, 2, 0, 0, 9, 6], [0, 0, 0, 0, 7, 5, 9, 0, 0], [3, 2, 0, 0, 9, 8, 7, 6, 4], [1, 9, 7, 6, 4, 0, 0, 8, 5], [0, 5, 9, 0, 6, 4, 0, 3, 7], [6, 4, 0, 7, 3, 9, 5, 2, 0], [0, 0, 0, 5, 1, 0, 6, 0, 9]]",benchmark,3,True,False,0.086424,44,30,0.0406
Sudoku,Easy (30),2,A* (zero),1002,"[[0, 7, 0, 4, 0, 0, 0, 0, 1], [8, 0, 3, 9, 0, 1, 4, 7, 2], [5, 1, 4, 3, 2, 0, 0, 9, 6], [0, 0, 0, 0, 7, 5, 9, 0, 0], [3, 2, 0, 0, 9, 8, 7, 6, 4], [1, 9, 7, 6, 4, 0, 0, 8, 5], [0, 5, 9, 0, 6, 4, 0, 3, 7], [6, 4, 0, 7, 3, 9, 5, 2, 0], [0, 0, 0, 5, 1, 0, 6, 0, 9]]",benchmark,4,True,False,0.085029,44,30,0.0406
Sudoku,Easy (30),2,A* (zero),1002,"[[0, 7, 0, 4, 0, 0, 0, 0, 1], [8, 0, 3, 9, 0, 1, 4, 7, 2], [5, 1, 4, 3, 2, 0, 0, 9, 6], [0, 0, 0, 0, 7, 5, 9, 0, 0], [3, 2, 0, 0, 9, 8, 7, 6, 4], [1, 9, 7, 6, 4, 0, 0, 8, 5], [0, 5, 9, 0, 6, 4, 0, 3, 7], [6, 4, 0, 7, 3, 9, 5, 2, 0], [0, 0, 0, 5, 1, 0, 6, 0, 9]]",benchmark,5,True,False,0.084729,44,30,0.0406
Sudoku,Easy (30),2,A* (zero),1002,"[[0, 7, 0, 4, 0, 0, 0, 0, 1], [8, 0, 3, 9, 0, 1, 4, 7, 2], [5, 1, 4, 3, 2, 0, 0, 9, 6], [0, 0, 0, 0, 7, 5, 9, 0, 0], [3, 2, 0, 0, 9, 8, 7, 6, 4], [1, 9, 7, 6, 4, 0, 0, 8, 5], [0, 5, 9, 0, 6, 4, 0, 3, 7], [6, 4, 0, 7, 3, 9, 5, 2, 0], [0, 0, 0, 5, 1, 0, 6, 0, 9]]",benchmark,6,True,False,0.078456,44,30,0.0406
Sudoku,Easy (30),2,A* (zero),1002,"[[0, 7, 0, 4, 0, 0, 0, 0, 1], [8, 0, 3, 9, 0, 1, 4, 7, 2], [5, 1, 4, 3, 2, 0, 0, 9, 6], [0, 0, 0, 0, 7, 5, 9, 0, 0], [3, 2, 0, 0, 9, 8, 7, 6, 4], [1, 9, 7, 6, 4, 0, 0, 8, 5], [0, 5, 9, 0, 6, 4, 0, 3, 7], [6, 4, 0, 7, 3, 9, 5, 2, 0], [0, 0, 0, 5, 1, 0, 6, 0, 9]]",benchmark,7,True,False,0.066358,44,30,0.0406
Sudoku,Easy (30),2,A* (zero),1002,"[[0, 7, 0, 4, 0, 0, 0, 0, 1], [8, 0, 3, 9, 0, 1, 4, 7, 2], [5, 1, 4, 3, 2, 0, 0, 9, 6], [0, 0, 0, 0, 7, 5, 9, 0, 0], [3, 2, 0, 0, 9, 8, 7, 6, 4], [1, 9, 7, 6, 4, 0, 0, 8, 5], [0, 5, 9, 0, 6, 4, 0, 3, 7], [6, 4, 0, 7, 3, 9, 5, 2, 0], [0, 0, 0, 5, 1, 0, 6, 0, 9]]",benchmark,8,True,False,0.048074,44,30,0.0406
Sudoku,Easy (30),2,A* (zero),1002,"[[0, 7, 0, 4, 0, 0, 0, 0, 1], [8, 0, 3, 9, 0, 1, 4, 7, 2], [5, 1, 4, 3, 2, 0, 0, 9, 6], [0, 0, 0, 0, 7, 5, 9, 0, 0], [3, 2, 0, 0, 9, 8, 7, 6, 4], [1, 9, 7, 6, 4, 0, 0, 8, 5], [0, 5, 9, 0, 6, 4, 0, 3, 7], [6, 4, 0, 7, 3, 9, 5, 2, 0], [0, 0, 0, 5, 1, 0, 6, 0, 9]]",benchmark,9,True,False,0.033491,44,30,0.0406
